"YEAR","MONTH","QUARTER","AIRLINE_ID","UNIQUE_CARRIER","UNIQUE_CARRIER_NAME","UNIQUE_CARRIER_ENTITY","CARRIER","CARRIER_NAME","CARRIER_GROUP","K110_REV_PAX_ENPLANED","V110_REV_PAX_ENPLANED","Z140_REV_PAX_MILES","Z320_AVAIL_SEAT_MILES","Z510_RAD_PERFORMED","Z520_RAD_SCHEDULED","DATA_SOURCE",
2018,1,1,19687,"QX","Horizon Air","37960","QX","Horizon Air",2,470221.00,715.00,161340992.00,231114176.00,8815.00,8898.00,"DU",
2018,1,1,19687,"QX","Horizon Air","37960","QX","Horizon Air",2,48394.00,0.00,12419108.00,18744640.00,941.00,950.00,"IU",
2018,1,1,20046,"ZW","Air Wisconsin Airlines Corp","30124","ZW","Air Wisconsin Airlines Corp",1,271277.00,0.00,90275407.00,125670150.00,7635.00,7938.00,"DU",
2018,1,1,20046,"ZW","Air Wisconsin Airlines Corp","30124","ZW","Air Wisconsin Airlines Corp",1,1903.00,0.00,660341.00,728700.00,42.00,55.00,"IU",
2018,1,1,20225,"KS","Peninsula Airways Inc.","37626","KS","Peninsula Airways Inc.",1,14225.00,0.00,7847521.00,14771928.00,893.00,0.00,"DU",
2018,1,1,20226,"SNK","Spernak Airways Inc.","38285","SNK","Spernak Airways Inc.",1,8.00,507.00,22074.00,50736.00,348.00,0.00,"DU",
2018,1,1,20237,"AX","Trans States Airlines","06904","AX","Trans States Airlines",1,256022.00,1326.00,116528037.00,156951400.00,7208.00,7532.00,"DU",
2018,1,1,20237,"AX","Trans States Airlines","06904","AX","Trans States Airlines",1,11377.00,0.00,6094668.00,7380650.00,282.00,302.00,"IU",
2018,1,1,20253,"9K","Cape Air","07021","9K","Cape Air",1,38793.00,0.00,4305523.00,8084361.00,6731.00,13425.00,"DU",
2018,1,1,20253,"9K","Cape Air","07021","9K","Cape Air",1,1051.00,0.00,100896.00,193536.00,224.00,448.00,"IU",
2018,1,1,20257,"CH","Bemidji Airlines","06954","CH","Bemidji Airlines",1,0.00,0.00,0.00,1393.00,46.00,46.00,"DU",
2018,1,1,20261,"ELL","Ellis Air Taxi Inc.","38034","ELL","Ellis Air Taxi Inc.",1,5.00,0.00,485.00,11016.00,32.00,36.00,"DU",
2018,1,1,20263,"EM","Empire Airlines Inc.","16300","EM","Empire Airlines Inc.",1,19606.00,0.00,1363828.00,2663952.00,2645.00,1778.00,"DU",
2018,1,1,20267,"GCH","Grand Canyon Helicopters","38025","GCH","Grand Canyon Helicopters",1,0.00,0.00,0.00,21948.00,0.00,62.00,"DU",
2018,1,1,20272,"KAH","Kenmore Air Harbor","38083","KAH","Kenmore Air Harbor",1,1439.00,61.00,78834.00,173462.00,532.00,503.00,"DU",
2018,1,1,20272,"KAH","Kenmore Air Harbor","38083","KAH","Kenmore Air Harbor",1,678.00,22.00,50974.00,77062.00,120.00,114.00,"IU",
2018,1,1,20280,"SEB","Seaborne Virgin Islands, Inc.","06819","SEB","Seaborne Virgin Islands, Inc.",1,12272.00,0.00,771943.00,1108268.00,752.00,809.00,"DU",
2018,1,1,20280,"SEB","Seaborne Virgin Islands, Inc.","06819","SEB","Seaborne Virgin Islands, Inc.",1,6937.00,0.00,1345563.00,2365636.00,384.00,393.00,"IU",
2018,1,1,20285,"WRD","Ward Air","06902","WRD","Ward Air",1,0.00,0.00,0.00,836.00,12.00,0.00,"DU",
2018,1,1,20304,"OO","SkyWest Airlines Inc.","06700","OO","SkyWest Airlines Inc.",3,2717029.00,0.00,1408209473.00,1897263771.00,61224.00,62826.00,"DU",
2018,1,1,20304,"OO","SkyWest Airlines Inc.","06700","OO","SkyWest Airlines Inc.",3,105747.00,0.00,80232057.00,93197699.00,1915.00,1957.00,"IU",
2018,1,1,20304,"OO","SkyWest Airlines Inc.","06700","OO","SkyWest Airlines Inc.",3,23027.00,0.00,32061786.00,43400256.00,410.00,413.00,"IU",
2018,1,1,20310,"WL","Caribbean Sun Airlines, Inc. d/b/a World Atlantic Airlines","16076","WL","Caribbean Sun Airlines, Inc. d/b/a World Atlantic Airlines",1,0.00,918.00,589868.00,12860970.00,114.00,0.00,"DU",
2018,1,1,20310,"WL","Caribbean Sun Airlines, Inc. d/b/a World Atlantic Airlines","16076","WL","Caribbean Sun Airlines, Inc. d/b/a World Atlantic Airlines",1,0.00,116.00,202361.00,437255.00,2.00,0.00,"DU",
2018,1,1,20310,"WL","Caribbean Sun Airlines, Inc. d/b/a World Atlantic Airlines","16076","WL","Caribbean Sun Airlines, Inc. d/b/a World Atlantic Airlines",1,0.00,11101.00,13986918.00,26990615.00,151.00,0.00,"IU",
2018,1,1,20319,"2E","Smokey Bay Air Inc.","06971","2E","Smokey Bay Air Inc.",1,1488.00,14.00,31151.00,72260.00,873.00,0.00,"DU",
2018,1,1,20320,"2F","Frontier Flying Service","06987","2F","Frontier Flying Service",1,0.00,0.00,0.00,0.00,53.00,0.00,"DU",
2018,1,1,20323,"4W","Warbelow","06967","4W","Warbelow",1,1004.00,633.00,238437.00,726660.00,712.00,0.00,"DU",
2018,1,1,20327,"7H","Era Aviation","06989","7H","Era Aviation",1,28793.00,662.00,5691725.00,11108419.00,1719.00,0.00,"DU",
2018,1,1,20330,"7S","Ryan Air f/k/a Arctic Transportation","06995","7S","Ryan Air f/k/a Arctic Transportation",1,36.00,34.00,15994.00,162684.00,1143.00,0.00,"DU",
2018,1,1,20331,"8E","Bering Air Inc.","06992","8E","Bering Air Inc.",1,5534.00,1652.00,852505.00,2090468.00,2696.00,0.00,"DU",
2018,1,1,20333,"8V","Wright Air Service","38099","8V","Wright Air Service",1,2946.00,243.00,697865.00,1455652.00,1170.00,0.00,"DU",
2018,1,1,20336,"H6","Hageland Aviation Service","06984","H6","Hageland Aviation Service",1,17622.00,1937.00,1993382.00,5123349.00,8016.00,0.00,"DU",
2018,1,1,20337,"J5","Kalinin Aviation LLC d/b/a Alaska Seaplanes","38269","J5","Kalinin Aviation LLC d/b/a Alaska Seaplanes",1,2718.00,36.00,191961.00,446607.00,854.00,0.00,"DU",
2018,1,1,20341,"KO","Alaska Central Express","06019","KO","Alaska Central Express",1,0.00,77.00,43332.00,229536.00,840.00,0.00,"DU",
2018,1,1,20342,"Q5","40-Mile Air","06999","Q5","40-Mile Air",1,26.00,6.00,3192.00,17156.00,49.00,0.00,"DU",
2018,1,1,20346,"V8","Iliamna Air Taxi","06983","V8","Iliamna Air Taxi",1,505.00,236.00,121241.00,267169.00,380.00,0.00,"DU",
2018,1,1,20358,"ZK","Great Lakes Airlines","37996","ZK","Great Lakes Airlines",1,2447.00,0.00,818167.00,2483262.00,425.00,452.00,"DU",
2018,1,1,20363,"9E","Endeavor Air Inc.","38084","9E","Endeavor Air Inc.",2,767863.00,0.00,387212097.00,570073353.00,17194.00,18235.00,"DU",
2018,1,1,20363,"9E","Endeavor Air Inc.","38084","9E","Endeavor Air Inc.",2,45686.00,0.00,23086934.00,28632566.00,819.00,869.00,"IU",
2018,1,1,20363,"9E","Endeavor Air Inc.","38084","9E","Endeavor Air Inc.",2,2936.00,0.00,2542576.00,3159168.00,48.00,50.00,"IU",
2018,1,1,20366,"EV","ExpressJet Airlines Inc.","06085","EV","ExpressJet Airlines Inc.",3,758381.00,0.00,357128989.00,509408637.00,19528.00,20532.00,"DU",
2018,1,1,20366,"EV","ExpressJet Airlines Inc.","06085","EV","ExpressJet Airlines Inc.",3,37894.00,0.00,16524818.00,19863987.00,851.00,888.00,"IU",
2018,1,1,20366,"EV","ExpressJet Airlines Inc.","06085","EV","ExpressJet Airlines Inc.",3,32212.00,0.00,23072725.00,30535328.00,799.00,828.00,"IU",
2018,1,1,20378,"YV","Mesa Airlines Inc.","38029","YV","Mesa Airlines Inc.",2,888879.00,0.00,504470647.00,649670386.00,15329.00,15728.00,"DU",
2018,1,1,20378,"YV","Mesa Airlines Inc.","38029","YV","Mesa Airlines Inc.",2,43926.00,0.00,31895607.00,36758508.00,603.00,603.00,"IU",
2018,1,1,20378,"YV","Mesa Airlines Inc.","38029","YV","Mesa Airlines Inc.",2,775.00,0.00,3257128.00,4751614.00,100.00,101.00,"DU",
2018,1,1,20378,"YV","Mesa Airlines Inc.","38029","YV","Mesa Airlines Inc.",2,88730.00,0.00,66445999.00,84583327.00,1571.00,1571.00,"IU",
2018,1,1,20383,"K3","Venture Travel LLC d/b/a Taquan Air Service","06968","K3","Venture Travel LLC d/b/a Taquan Air Service",1,261.00,0.00,7171.00,72410.00,292.00,0.00,"DU",
2018,1,1,20397,"OH","PSA Airlines Inc.","07028","OH","PSA Airlines Inc.",2,1002388.00,0.00,384328322.00,528063925.00,20697.00,22248.00,"DU",
2018,1,1,20397,"OH","PSA Airlines Inc.","07028","OH","PSA Airlines Inc.",2,12733.00,0.00,7487004.00,8925840.00,201.00,216.00,"IU",
2018,1,1,20397,"OH","PSA Airlines Inc.","07028","OH","PSA Airlines Inc.",2,1158.00,0.00,925778.00,1326872.00,26.00,26.00,"IU",
2018,1,1,20398,"MQ","Envoy Air","06820","MQ","Envoy Air",3,911811.00,133.00,422900606.00,580430545.00,21719.00,22575.00,"DU",
2018,1,1,20398,"MQ","Envoy Air","06820","MQ","Envoy Air",3,45724.00,0.00,32107363.00,39192146.00,983.00,1081.00,"IU",
2018,1,1,20398,"MQ","Envoy Air","06820","MQ","Envoy Air",3,45394.00,0.00,26899693.00,37017504.00,1020.00,1032.00,"IU",
2018,1,1,20401,"3M","Silver Airways","06888","3M","Silver Airways",1,40335.00,0.00,9302965.00,13806510.00,1892.00,1912.00,"DU",
2018,1,1,20401,"3M","Silver Airways","06888","3M","Silver Airways",1,11989.00,0.00,2045218.00,2887709.00,530.00,537.00,"IU",
2018,1,1,20408,"5V","Tatonduk Outfitters Limited d/b/a Everts Air Alaska and Everts Air Cargo","06860","5V","Tatonduk Outfitters Limited d/b/a Everts Air Alaska and Everts Air Cargo",1,142.00,30.00,37987.00,166158.00,461.00,0.00,"DU",
2018,1,1,20408,"5V","Tatonduk Outfitters Limited d/b/a Everts Air Alaska and Everts Air Cargo","06860","5V","Tatonduk Outfitters Limited d/b/a Everts Air Alaska and Everts Air Cargo",1,0.00,0.00,0.00,0.00,6.00,0.00,"IU",
2018,1,1,20424,"YR","Grand Canyon Airlines, Inc. d/b/a Grand Canyon Airlines d/b/a Scenic Airlines","06942","YR","Grand Canyon Airlines, Inc. d/b/a Grand Canyon Airlines d/b/a Scenic Airlines",1,42.00,11143.00,583140.00,675812.00,954.00,6.00,"DU",
2018,1,1,20426,"VI","Vieques Air Link Inc.","30890","VI","Vieques Air Link Inc.",1,3718.00,0.00,102080.00,227160.00,749.00,600.00,"DU",
2018,1,1,20427,"PT","Piedmont Airlines","06918","PT","Piedmont Airlines",1,232711.00,0.00,57787759.00,83473758.00,6790.00,7519.00,"DU",
2018,1,1,20427,"PT","Piedmont Airlines","06918","PT","Piedmont Airlines",1,17093.00,0.00,6323078.00,7598750.00,411.00,462.00,"IU",
2018,1,1,20443,"2O","Island Air Service","06981","2O","Island Air Service",1,746.00,138.00,39314.00,139059.00,584.00,0.00,"DU",
2018,1,1,20445,"C5","Commutair Aka Champlain Enterprises, Inc.","06944","C5","Commutair Aka Champlain Enterprises, Inc.",1,102325.00,0.00,36538807.00,48708410.00,2840.00,3064.00,"DU",
2018,1,1,20455,"GV","Grant Aviation","06985","GV","Grant Aviation",1,7810.00,116.00,605406.00,1878641.00,3692.00,0.00,"DU",
2018,1,1,20500,"G7","GoJet Airlines LLC d/b/a United Express","07041","G7","GoJet Airlines LLC d/b/a United Express",2,379282.00,0.00,188198126.00,251409256.00,7420.00,7524.00,"DU",
2018,1,1,20500,"G7","GoJet Airlines LLC d/b/a United Express","07041","G7","GoJet Airlines LLC d/b/a United Express",2,25847.00,0.00,18296446.00,21739294.00,452.00,457.00,"IU",
2018,1,1,21022,"Z3Q","PM Air, LLC","01100","Z3Q","PM Air, LLC",1,0.00,1095.00,76650.00,99400.00,142.00,0.00,"DU",
2018,2,1,19687,"QX","Horizon Air","37960","QX","Horizon Air",2,446110.00,564.00,159120626.00,207354980.00,7737.00,7818.00,"DU",
2018,2,1,19687,"QX","Horizon Air","37960","QX","Horizon Air",2,44651.00,0.00,12068229.00,14424040.00,710.00,718.00,"IU",
2018,2,1,20046,"ZW","Air Wisconsin Airlines Corp","30124","ZW","Air Wisconsin Airlines Corp",1,249315.00,0.00,80606109.00,108597500.00,6752.00,7188.00,"DU",
2018,2,1,20225,"KS","Peninsula Airways Inc.","37626","KS","Peninsula Airways Inc.",1,10574.00,0.00,5300990.00,10357823.00,728.00,0.00,"DU",
2018,2,1,20226,"SNK","Spernak Airways Inc.","38285","SNK","Spernak Airways Inc.",1,4.00,270.00,11946.00,29385.00,219.00,0.00,"DU",
2018,2,1,20237,"AX","Trans States Airlines","06904","AX","Trans States Airlines",1,243185.00,1417.00,112202396.00,143321150.00,6464.00,6715.00,"DU",
2018,2,1,20237,"AX","Trans States Airlines","06904","AX","Trans States Airlines",1,11992.00,0.00,6760909.00,8195000.00,296.00,322.00,"IU",
2018,2,1,20253,"9K","Cape Air","07021","9K","Cape Air",1,37392.00,0.00,4315339.00,7647270.00,6447.00,12703.00,"DU",
2018,2,1,20253,"9K","Cape Air","07021","9K","Cape Air",1,1132.00,0.00,108672.00,190944.00,221.00,442.00,"IU",
2018,2,1,20257,"CH","Bemidji Airlines","06954","CH","Bemidji Airlines",1,0.00,0.00,0.00,1393.00,47.00,47.00,"DU",
2018,2,1,20261,"ELL","Ellis Air Taxi Inc.","38034","ELL","Ellis Air Taxi Inc.",1,3.00,0.00,301.00,11016.00,36.00,36.00,"DU",
2018,2,1,20263,"EM","Empire Airlines Inc.","16300","EM","Empire Airlines Inc.",1,16961.00,0.00,1181611.00,2229840.00,1379.00,654.00,"DU",
2018,2,1,20267,"GCH","Grand Canyon Helicopters","38025","GCH","Grand Canyon Helicopters",1,0.00,0.00,0.00,19824.00,0.00,56.00,"DU",
2018,2,1,20272,"KAH","Kenmore Air Harbor","38083","KAH","Kenmore Air Harbor",1,1660.00,97.00,86682.00,179526.00,541.00,491.00,"DU",
2018,2,1,20272,"KAH","Kenmore Air Harbor","38083","KAH","Kenmore Air Harbor",1,650.00,47.00,52455.00,89500.00,140.00,120.00,"IU",
2018,2,1,20280,"SEB","Seaborne Virgin Islands, Inc.","06819","SEB","Seaborne Virgin Islands, Inc.",1,12193.00,0.00,754723.00,998749.00,707.00,714.00,"DU",
2018,2,1,20280,"SEB","Seaborne Virgin Islands, Inc.","06819","SEB","Seaborne Virgin Islands, Inc.",1,6565.00,0.00,1164997.00,1921680.00,335.00,346.00,"IU",
2018,2,1,20285,"WRD","Ward Air","06902","WRD","Ward Air",1,0.00,0.00,0.00,696.00,8.00,0.00,"DU",
2018,2,1,20304,"OO","SkyWest Airlines Inc.","06700","OO","SkyWest Airlines Inc.",3,2579767.00,0.00,1336715916.00,1717593006.00,55045.00,56653.00,"DU",
2018,2,1,20304,"OO","SkyWest Airlines Inc.","06700","OO","SkyWest Airlines Inc.",3,100702.00,0.00,74770809.00,83249418.00,1745.00,1793.00,"IU",
2018,2,1,20304,"OO","SkyWest Airlines Inc.","06700","OO","SkyWest Airlines Inc.",3,18061.00,0.00,23345027.00,35704496.00,360.00,368.00,"IU",
2018,2,1,20310,"WL","Caribbean Sun Airlines, Inc. d/b/a World Atlantic Airlines","16076","WL","Caribbean Sun Airlines, Inc. d/b/a World Atlantic Airlines",1,0.00,1467.00,900691.00,13701690.00,121.00,0.00,"DU",
2018,2,1,20310,"WL","Caribbean Sun Airlines, Inc. d/b/a World Atlantic Airlines","16076","WL","Caribbean Sun Airlines, Inc. d/b/a World Atlantic Airlines",1,0.00,395.00,449905.00,1059270.00,6.00,0.00,"DU",
2018,2,1,20310,"WL","Caribbean Sun Airlines, Inc. d/b/a World Atlantic Airlines","16076","WL","Caribbean Sun Airlines, Inc. d/b/a World Atlantic Airlines",1,0.00,7275.00,8896809.00,18135000.00,110.00,0.00,"IU",
2018,2,1,20319,"2E","Smokey Bay Air Inc.","06971","2E","Smokey Bay Air Inc.",1,1388.00,1.00,27950.00,66950.00,824.00,0.00,"DU",
2018,2,1,20322,"Z3","Bidzy Ta Hot Aana, Inc. d/b/a Tanana Air Service","06969","Z3","Bidzy Ta Hot Aana, Inc. d/b/a Tanana Air Service",1,320.00,80.00,24716.00,73182.00,236.00,0.00,"DU",
2018,2,1,20323,"4W","Warbelow","06967","4W","Warbelow",1,1020.00,947.00,298248.00,738387.00,692.00,0.00,"DU",
2018,2,1,20327,"7H","Era Aviation","06989","7H","Era Aviation",1,26297.00,269.00,5073637.00,9562520.00,1490.00,0.00,"DU",
2018,2,1,20330,"7S","Ryan Air f/k/a Arctic Transportation","06995","7S","Ryan Air f/k/a Arctic Transportation",1,22.00,15.00,1590.00,32112.00,625.00,0.00,"DU",
2018,2,1,20331,"8E","Bering Air Inc.","06992","8E","Bering Air Inc.",1,3462.00,1784.00,620105.00,1371727.00,1695.00,0.00,"DU",
2018,2,1,20333,"8V","Wright Air Service","38099","8V","Wright Air Service",1,2910.00,287.00,705464.00,1414777.00,1159.00,0.00,"DU",
2018,2,1,20336,"H6","Hageland Aviation Service","06984","H6","Hageland Aviation Service",1,16064.00,3125.00,1621572.00,4103449.00,6445.00,0.00,"DU",
2018,2,1,20337,"J5","Kalinin Aviation LLC d/b/a Alaska Seaplanes","38269","J5","Kalinin Aviation LLC d/b/a Alaska Seaplanes",1,1955.00,26.00,142816.00,304390.00,581.00,0.00,"DU",
2018,2,1,20341,"KO","Alaska Central Express","06019","KO","Alaska Central Express",1,0.00,169.00,127510.00,262080.00,968.00,0.00,"DU",
2018,2,1,20342,"Q5","40-Mile Air","06999","Q5","40-Mile Air",1,26.00,3.00,2517.00,11704.00,36.00,0.00,"DU",
2018,2,1,20346,"V8","Iliamna Air Taxi","06983","V8","Iliamna Air Taxi",1,456.00,236.00,116558.00,231702.00,310.00,0.00,"DU",
2018,2,1,20358,"ZK","Great Lakes Airlines","37996","ZK","Great Lakes Airlines",1,2447.00,0.00,818341.00,2483262.00,425.00,452.00,"DU",
2018,2,1,20363,"9E","Endeavor Air Inc.","38084","9E","Endeavor Air Inc.",2,805442.00,144.00,406837682.00,572689423.00,17019.00,17375.00,"DU",
2018,2,1,20363,"9E","Endeavor Air Inc.","38084","9E","Endeavor Air Inc.",2,46004.00,0.00,24271883.00,29019789.00,790.00,814.00,"IU",
2018,2,1,20363,"9E","Endeavor Air Inc.","38084","9E","Endeavor Air Inc.",2,3050.00,0.00,2641300.00,3159168.00,48.00,48.00,"IU",
2018,2,1,20366,"EV","ExpressJet Airlines Inc.","06085","EV","ExpressJet Airlines Inc.",3,717446.00,0.00,342635220.00,466730921.00,17912.00,18303.00,"DU",
2018,2,1,20366,"EV","ExpressJet Airlines Inc.","06085","EV","ExpressJet Airlines Inc.",3,32156.00,0.00,13650015.00,16342108.00,712.00,748.00,"IU",
2018,2,1,20366,"EV","ExpressJet Airlines Inc.","06085","EV","ExpressJet Airlines Inc.",3,27421.00,0.00,19511616.00,27638806.00,735.00,737.00,"IU",
2018,2,1,20378,"YV","Mesa Airlines Inc.","38029","YV","Mesa Airlines Inc.",2,859978.00,0.00,505484669.00,625132283.00,14267.00,14563.00,"DU",
2018,2,1,20378,"YV","Mesa Airlines Inc.","38029","YV","Mesa Airlines Inc.",2,38854.00,0.00,32224189.00,35854470.00,600.00,601.00,"IU",
2018,2,1,20378,"YV","Mesa Airlines Inc.","38029","YV","Mesa Airlines Inc.",2,74718.00,0.00,52760857.00,70924319.00,1312.00,1316.00,"IU",
2018,2,1,20383,"K3","Venture Travel LLC d/b/a Taquan Air Service","06968","K3","Venture Travel LLC d/b/a Taquan Air Service",1,274.00,1.00,10089.00,75874.00,280.00,0.00,"DU",
2018,2,1,20397,"OH","PSA Airlines Inc.","07028","OH","PSA Airlines Inc.",2,1026100.00,0.00,392209566.00,505482409.00,20051.00,20597.00,"DU",
2018,2,1,20397,"OH","PSA Airlines Inc.","07028","OH","PSA Airlines Inc.",2,12135.00,0.00,7135380.00,8078532.00,182.00,200.00,"IU",
2018,2,1,20397,"OH","PSA Airlines Inc.","07028","OH","PSA Airlines Inc.",2,1334.00,0.00,815074.00,1099800.00,28.00,28.00,"IU",
2018,2,1,20398,"MQ","Envoy Air","06820","MQ","Envoy Air",3,857385.00,266.00,396419509.00,520144218.00,19523.00,20786.00,"DU",
2018,2,1,20398,"MQ","Envoy Air","06820","MQ","Envoy Air",3,42883.00,0.00,30692760.00,36200428.00,884.00,977.00,"IU",
2018,2,1,20398,"MQ","Envoy Air","06820","MQ","Envoy Air",3,38462.00,0.00,22381121.00,32345972.00,910.00,916.00,"IU",
2018,2,1,20401,"3M","Silver Airways","06888","3M","Silver Airways",1,40164.00,0.00,9185889.00,12315628.00,1694.00,1696.00,"DU",
2018,2,1,20401,"3M","Silver Airways","06888","3M","Silver Airways",1,16747.00,0.00,3248939.00,4930586.00,786.00,787.00,"IU",
2018,2,1,20408,"5V","Tatonduk Outfitters Limited d/b/a Everts Air Alaska and Everts Air Cargo","06860","5V","Tatonduk Outfitters Limited d/b/a Everts Air Alaska and Everts Air Cargo",1,161.00,35.00,41430.00,225288.00,426.00,0.00,"DU",
2018,2,1,20408,"5V","Tatonduk Outfitters Limited d/b/a Everts Air Alaska and Everts Air Cargo","06860","5V","Tatonduk Outfitters Limited d/b/a Everts Air Alaska and Everts Air Cargo",1,0.00,0.00,0.00,0.00,8.00,0.00,"IU",
2018,2,1,20424,"YR","Grand Canyon Airlines, Inc. d/b/a Grand Canyon Airlines d/b/a Scenic Airlines","06942","YR","Grand Canyon Airlines, Inc. d/b/a Grand Canyon Airlines d/b/a Scenic Airlines",1,69.00,9899.00,483305.00,562079.00,835.00,10.00,"DU",
2018,2,1,20426,"VI","Vieques Air Link Inc.","30890","VI","Vieques Air Link Inc.",1,4926.00,0.00,136061.00,310608.00,1048.00,1092.00,"DU",
2018,2,1,20427,"PT","Piedmont Airlines","06918","PT","Piedmont Airlines",1,224594.00,0.00,58235235.00,81338750.00,6316.00,6740.00,"DU",
2018,2,1,20427,"PT","Piedmont Airlines","06918","PT","Piedmont Airlines",1,17501.00,0.00,6457060.00,7395800.00,401.00,421.00,"IU",
2018,2,1,20443,"2O","Island Air Service","06981","2O","Island Air Service",1,705.00,135.00,34080.00,125841.00,520.00,0.00,"DU",
2018,2,1,20445,"C5","Commutair Aka Champlain Enterprises, Inc.","06944","C5","Commutair Aka Champlain Enterprises, Inc.",1,103970.00,0.00,35728308.00,45619700.00,2696.00,2866.00,"DU",
2018,2,1,20455,"GV","Grant Aviation","06985","GV","Grant Aviation",1,6588.00,192.00,525328.00,1547241.00,3034.00,0.00,"DU",
2018,2,1,20500,"G7","GoJet Airlines LLC d/b/a United Express","07041","G7","GoJet Airlines LLC d/b/a United Express",2,345903.00,0.00,168144633.00,218728590.00,6561.00,6827.00,"DU",
2018,2,1,20500,"G7","GoJet Airlines LLC d/b/a United Express","07041","G7","GoJet Airlines LLC d/b/a United Express",2,24514.00,0.00,16673292.00,20034016.00,428.00,446.00,"IU",
2018,2,1,21022,"Z3Q","PM Air, LLC","01100","Z3Q","PM Air, LLC",1,0.00,2519.00,176330.00,231000.00,330.00,0.00,"DU",
2018,3,1,19687,"QX","Horizon Air","37960","QX","Horizon Air",2,537348.00,123.00,195301197.00,247502436.00,9127.00,9252.00,"DU",
2018,3,1,19687,"QX","Horizon Air","37960","QX","Horizon Air",2,52296.00,0.00,13457913.00,16533648.00,844.00,864.00,"IU",
2018,3,1,20046,"ZW","Air Wisconsin Airlines Corp","30124","ZW","Air Wisconsin Airlines Corp",1,326488.00,0.00,113227740.00,142419750.00,8378.00,8637.00,"DU",
2018,3,1,20225,"KS","Peninsula Airways Inc.","37626","KS","Peninsula Airways Inc.",1,12848.00,361.00,6525899.00,12467228.00,853.00,0.00,"DU",
2018,3,1,20226,"SNK","Spernak Airways Inc.","38285","SNK","Spernak Airways Inc.",1,10.00,544.00,24886.00,59254.00,392.00,0.00,"DU",
2018,3,1,20237,"AX","Trans States Airlines","06904","AX","Trans States Airlines",1,267594.00,539.00,122793996.00,152561700.00,6856.00,7210.00,"DU",
2018,3,1,20237,"AX","Trans States Airlines","06904","AX","Trans States Airlines",1,20859.00,0.00,11734244.00,13690200.00,488.00,515.00,"IU",
2018,3,1,20253,"9K","Cape Air","07021","9K","Cape Air",1,46419.00,0.00,5267597.00,8599395.00,7191.00,7191.00,"DU",
2018,3,1,20253,"9K","Cape Air","07021","9K","Cape Air",1,1327.00,0.00,127392.00,205632.00,238.00,238.00,"IU",
2018,3,1,20257,"CH","Bemidji Airlines","06954","CH","Bemidji Airlines",1,0.00,0.00,0.00,1393.00,51.00,51.00,"DU",
2018,3,1,20261,"ELL","Ellis Air Taxi Inc.","38034","ELL","Ellis Air Taxi Inc.",1,2.00,0.00,194.00,11016.00,36.00,36.00,"DU",
2018,3,1,20263,"EM","Empire Airlines Inc.","16300","EM","Empire Airlines Inc.",1,19398.00,192.00,1368328.00,2499120.00,2761.00,2002.00,"DU",
2018,3,1,20267,"GCH","Grand Canyon Helicopters","38025","GCH","Grand Canyon Helicopters",1,0.00,0.00,0.00,21948.00,0.00,62.00,"DU",
2018,3,1,20272,"KAH","Kenmore Air Harbor","38083","KAH","Kenmore Air Harbor",1,2410.00,90.00,103306.00,195604.00,800.00,749.00,"DU",
2018,3,1,20272,"KAH","Kenmore Air Harbor","38083","KAH","Kenmore Air Harbor",1,1216.00,26.00,91666.00,150346.00,236.00,214.00,"IU",
2018,3,1,20280,"SEB","Seaborne Virgin Islands, Inc.","06819","SEB","Seaborne Virgin Islands, Inc.",1,13646.00,0.00,862940.00,1127022.00,768.00,798.00,"DU",
2018,3,1,20280,"SEB","Seaborne Virgin Islands, Inc.","06819","SEB","Seaborne Virgin Islands, Inc.",1,8575.00,0.00,1523652.00,2279306.00,398.00,406.00,"IU",
2018,3,1,20285,"WRD","Ward Air","06902","WRD","Ward Air",1,0.00,0.00,0.00,1068.00,12.00,0.00,"DU",
2018,3,1,20304,"OO","SkyWest Airlines Inc.","06700","OO","SkyWest Airlines Inc.",3,3074428.00,0.00,1631842314.00,2038612694.00,64198.00,65243.00,"DU",
2018,3,1,20304,"OO","SkyWest Airlines Inc.","06700","OO","SkyWest Airlines Inc.",3,113947.00,0.00,85463658.00,97739950.00,1987.00,1996.00,"IU",
2018,3,1,20304,"OO","SkyWest Airlines Inc.","06700","OO","SkyWest Airlines Inc.",3,22686.00,0.00,27939305.00,40009136.00,428.00,432.00,"IU",
2018,3,1,20310,"WL","Caribbean Sun Airlines, Inc. d/b/a World Atlantic Airlines","16076","WL","Caribbean Sun Airlines, Inc. d/b/a World Atlantic Airlines",1,0.00,2189.00,1635248.00,14980750.00,135.00,0.00,"DU",
2018,3,1,20310,"WL","Caribbean Sun Airlines, Inc. d/b/a World Atlantic Airlines","16076","WL","Caribbean Sun Airlines, Inc. d/b/a World Atlantic Airlines",1,0.00,97.00,151780.00,803365.00,4.00,0.00,"DU",
2018,3,1,20310,"WL","Caribbean Sun Airlines, Inc. d/b/a World Atlantic Airlines","16076","WL","Caribbean Sun Airlines, Inc. d/b/a World Atlantic Airlines",1,0.00,9986.00,9965070.00,20170305.00,133.00,0.00,"IU",
2018,3,1,20319,"2E","Smokey Bay Air Inc.","06971","2E","Smokey Bay Air Inc.",1,1765.00,13.00,33972.00,83790.00,1023.00,0.00,"DU",
2018,3,1,20322,"Z3","Bidzy Ta Hot Aana, Inc. d/b/a Tanana Air Service","06969","Z3","Bidzy Ta Hot Aana, Inc. d/b/a Tanana Air Service",1,362.00,87.00,28387.00,88929.00,297.00,0.00,"DU",
2018,3,1,20323,"4W","Warbelow","06967","4W","Warbelow",1,931.00,1280.00,371912.00,825462.00,749.00,0.00,"DU",
2018,3,1,20327,"7H","Era Aviation","06989","7H","Era Aviation",1,32052.00,310.00,6238499.00,11224209.00,1716.00,0.00,"DU",
2018,3,1,20327,"7H","Era Aviation","06989","7H","Era Aviation",1,0.00,0.00,0.00,125134.00,5.00,0.00,"IU",
2018,3,1,20330,"7S","Ryan Air f/k/a Arctic Transportation","06995","7S","Ryan Air f/k/a Arctic Transportation",1,23.00,86.00,28420.00,225395.00,1129.00,0.00,"DU",
2018,3,1,20331,"8E","Bering Air Inc.","06992","8E","Bering Air Inc.",1,6475.00,1141.00,885276.00,2174880.00,2601.00,0.00,"DU",
2018,3,1,20333,"8V","Wright Air Service","38099","8V","Wright Air Service",1,4147.00,251.00,971514.00,1793906.00,1426.00,0.00,"DU",
2018,3,1,20336,"H6","Hageland Aviation Service","06984","H6","Hageland Aviation Service",1,15927.00,1882.00,2025328.00,5017342.00,7234.00,0.00,"DU",
2018,3,1,20337,"J5","Kalinin Aviation LLC d/b/a Alaska Seaplanes","38269","J5","Kalinin Aviation LLC d/b/a Alaska Seaplanes",1,3888.00,45.00,278015.00,634891.00,1264.00,0.00,"DU",
2018,3,1,20341,"KO","Alaska Central Express","06019","KO","Alaska Central Express",1,0.00,168.00,166720.00,329488.00,857.00,0.00,"DU",
2018,3,1,20342,"Q5","40-Mile Air","06999","Q5","40-Mile Air",1,49.00,11.00,5931.00,19296.00,55.00,0.00,"DU",
2018,3,1,20346,"V8","Iliamna Air Taxi","06983","V8","Iliamna Air Taxi",1,637.00,332.00,176097.00,308676.00,423.00,0.00,"DU",
2018,3,1,20358,"ZK","Great Lakes Airlines","37996","ZK","Great Lakes Airlines",1,2412.00,0.00,793491.00,2179110.00,394.00,481.00,"DU",
2018,3,1,20363,"9E","Endeavor Air Inc.","38084","9E","Endeavor Air Inc.",2,1041887.00,0.00,503763859.00,636288315.00,19772.00,21272.00,"DU",
2018,3,1,20363,"9E","Endeavor Air Inc.","38084","9E","Endeavor Air Inc.",2,72115.00,0.00,45803764.00,53378754.00,1185.00,1249.00,"IU",
2018,3,1,20363,"9E","Endeavor Air Inc.","38084","9E","Endeavor Air Inc.",2,7709.00,0.00,5819868.00,6939408.00,122.00,122.00,"IU",
2018,3,1,20366,"EV","ExpressJet Airlines Inc.","06085","EV","ExpressJet Airlines Inc.",3,864427.00,0.00,426969179.00,547373475.00,20440.00,21386.00,"DU",
2018,3,1,20366,"EV","ExpressJet Airlines Inc.","06085","EV","ExpressJet Airlines Inc.",3,27186.00,0.00,11359238.00,13484425.00,613.00,687.00,"IU",
2018,3,1,20366,"EV","ExpressJet Airlines Inc.","06085","EV","ExpressJet Airlines Inc.",3,28870.00,0.00,20620250.00,27459878.00,748.00,748.00,"IU",
2018,3,1,20378,"YV","Mesa Airlines Inc.","38029","YV","Mesa Airlines Inc.",2,986310.00,0.00,572345979.00,683110489.00,15723.00,15843.00,"DU",
2018,3,1,20378,"YV","Mesa Airlines Inc.","38029","YV","Mesa Airlines Inc.",2,43914.00,0.00,36624492.00,41446078.00,687.00,687.00,"IU",
2018,3,1,20378,"YV","Mesa Airlines Inc.","38029","YV","Mesa Airlines Inc.",2,84631.00,0.00,61819556.00,83878658.00,1527.00,1527.00,"IU",
2018,3,1,20383,"K3","Venture Travel LLC d/b/a Taquan Air Service","06968","K3","Venture Travel LLC d/b/a Taquan Air Service",1,309.00,22.00,12636.00,94686.00,362.00,0.00,"DU",
2018,3,1,20397,"OH","PSA Airlines Inc.","07028","OH","PSA Airlines Inc.",2,1159019.00,0.00,440126035.00,554511187.00,22096.00,23333.00,"DU",
2018,3,1,20397,"OH","PSA Airlines Inc.","07028","OH","PSA Airlines Inc.",2,15298.00,0.00,8995338.00,10117280.00,228.00,230.00,"IU",
2018,3,1,20397,"OH","PSA Airlines Inc.","07028","OH","PSA Airlines Inc.",2,2147.00,0.00,1311817.00,1732796.00,44.00,44.00,"IU",
2018,3,1,20398,"MQ","Envoy Air","06820","MQ","Envoy Air",3,1041590.00,87.00,479740075.00,602212493.00,22979.00,23731.00,"DU",
2018,3,1,20398,"MQ","Envoy Air","06820","MQ","Envoy Air",3,48749.00,0.00,35652269.00,41660000.00,972.00,1066.00,"IU",
2018,3,1,20398,"MQ","Envoy Air","06820","MQ","Envoy Air",3,45130.00,0.00,25778293.00,36403470.00,1073.00,1076.00,"IU",
2018,3,1,20401,"3M","Silver Airways","06888","3M","Silver Airways",1,43530.00,0.00,9993542.00,13359942.00,1843.00,1851.00,"DU",
2018,3,1,20401,"3M","Silver Airways","06888","3M","Silver Airways",1,30315.00,0.00,6464967.00,8333233.00,1236.00,1244.00,"IU",
2018,3,1,20408,"5V","Tatonduk Outfitters Limited d/b/a Everts Air Alaska and Everts Air Cargo","06860","5V","Tatonduk Outfitters Limited d/b/a Everts Air Alaska and Everts Air Cargo",1,230.00,99.00,71354.00,234180.00,522.00,0.00,"DU",
2018,3,1,20408,"5V","Tatonduk Outfitters Limited d/b/a Everts Air Alaska and Everts Air Cargo","06860","5V","Tatonduk Outfitters Limited d/b/a Everts Air Alaska and Everts Air Cargo",1,0.00,0.00,0.00,0.00,16.00,0.00,"IU",
2018,3,1,20424,"YR","Grand Canyon Airlines, Inc. d/b/a Grand Canyon Airlines d/b/a Scenic Airlines","06942","YR","Grand Canyon Airlines, Inc. d/b/a Grand Canyon Airlines d/b/a Scenic Airlines",1,77.00,13159.00,663475.00,770584.00,1166.00,0.00,"DU",
2018,3,1,20426,"VI","Vieques Air Link Inc.","30890","VI","Vieques Air Link Inc.",1,7034.00,0.00,199272.00,385134.00,1104.00,1130.00,"DU",
2018,3,1,20427,"PT","Piedmont Airlines","06918","PT","Piedmont Airlines",1,257263.00,0.00,69881962.00,92855532.00,6952.00,7835.00,"DU",
2018,3,1,20427,"PT","Piedmont Airlines","06918","PT","Piedmont Airlines",1,15912.00,0.00,5873709.00,6842850.00,371.00,412.00,"IU",
2018,3,1,20443,"2O","Island Air Service","06981","2O","Island Air Service",1,990.00,258.00,53303.00,170449.00,771.00,0.00,"DU",
2018,3,1,20445,"C5","Commutair Aka Champlain Enterprises, Inc.","06944","C5","Commutair Aka Champlain Enterprises, Inc.",1,136155.00,0.00,44514491.00,53217000.00,3324.00,3679.00,"DU",
2018,3,1,20455,"GV","Grant Aviation","06985","GV","Grant Aviation",1,8317.00,141.00,663931.00,1856159.00,3591.00,0.00,"DU",
2018,3,1,20500,"G7","GoJet Airlines LLC d/b/a United Express","07041","G7","GoJet Airlines LLC d/b/a United Express",2,419856.00,0.00,214615189.00,265028788.00,7564.00,7652.00,"DU",
2018,3,1,20500,"G7","GoJet Airlines LLC d/b/a United Express","07041","G7","GoJet Airlines LLC d/b/a United Express",2,34398.00,0.00,19946859.00,23163948.00,568.00,568.00,"IU",
2018,3,1,21022,"Z3Q","PM Air, LLC","01100","Z3Q","PM Air, LLC",1,0.00,3106.00,217420.00,285600.00,408.00,0.00,"DU",
2018,4,2,19687,"QX","Horizon Air","37960","QX","Horizon Air",2,529414.00,0.00,193399363.00,246468836.00,9126.00,9201.00,"DU",
2018,4,2,19687,"QX","Horizon Air","37960","QX","Horizon Air",2,48737.00,0.00,13108687.00,17631468.00,881.00,888.00,"IU",
2018,4,2,20046,"ZW","Air Wisconsin Airlines Corp","30124","ZW","Air Wisconsin Airlines Corp",1,348694.00,0.00,121354816.00,151895700.00,8847.00,8995.00,"DU",
2018,4,2,20225,"KS","Peninsula Airways Inc.","37626","KS","Peninsula Airways Inc.",1,15447.00,0.00,7887087.00,14687334.00,885.00,0.00,"DU",
2018,4,2,20226,"SNK","Spernak Airways Inc.","38285","SNK","Spernak Airways Inc.",1,1.00,666.00,29770.00,85147.00,428.00,0.00,"DU",
2018,4,2,20237,"AX","Trans States Airlines","06904","AX","Trans States Airlines",1,284670.00,374.00,126899091.00,156245300.00,7142.00,7294.00,"DU",
2018,4,2,20237,"AX","Trans States Airlines","06904","AX","Trans States Airlines",1,25991.00,0.00,13779455.00,15349250.00,580.00,609.00,"IU",
2018,4,2,20253,"9K","Cape Air","07021","9K","Cape Air",1,45774.00,0.00,5200617.00,8694231.00,7384.00,14563.00,"DU",
2018,4,2,20253,"9K","Cape Air","07021","9K","Cape Air",1,1143.00,0.00,109728.00,197856.00,229.00,458.00,"IU",
2018,4,2,20257,"CH","Bemidji Airlines","06954","CH","Bemidji Airlines",1,0.00,0.00,0.00,1592.00,45.00,45.00,"DU",
2018,4,2,20261,"ELL","Ellis Air Taxi Inc.","38034","ELL","Ellis Air Taxi Inc.",1,7.00,0.00,699.00,11016.00,36.00,36.00,"DU",
2018,4,2,20263,"EM","Empire Airlines Inc.","16300","EM","Empire Airlines Inc.",1,16139.00,700.00,1170776.00,2251968.00,2439.00,1778.00,"DU",
2018,4,2,20267,"GCH","Grand Canyon Helicopters","38025","GCH","Grand Canyon Helicopters",1,0.00,0.00,0.00,21240.00,0.00,60.00,"DU",
2018,4,2,20272,"KAH","Kenmore Air Harbor","38083","KAH","Kenmore Air Harbor",1,2694.00,141.00,124979.00,223938.00,896.00,838.00,"DU",
2018,4,2,20272,"KAH","Kenmore Air Harbor","38083","KAH","Kenmore Air Harbor",1,1834.00,92.00,142367.00,224436.00,350.00,300.00,"IU",
2018,4,2,20280,"SEB","Seaborne Virgin Islands, Inc.","06819","SEB","Seaborne Virgin Islands, Inc.",1,12813.00,0.00,811793.00,1143945.00,783.00,797.00,"DU",
2018,4,2,20280,"SEB","Seaborne Virgin Islands, Inc.","06819","SEB","Seaborne Virgin Islands, Inc.",1,8388.00,0.00,1562013.00,2242758.00,382.00,387.00,"IU",
2018,4,2,20285,"WRD","Ward Air","06902","WRD","Ward Air",1,5.00,0.00,254.00,1084.00,10.00,0.00,"DU",
2018,4,2,20304,"OO","SkyWest Airlines Inc.","06700","OO","SkyWest Airlines Inc.",3,2975825.00,0.00,1558065993.00,1946522538.00,62523.00,63434.00,"DU",
2018,4,2,20304,"OO","SkyWest Airlines Inc.","06700","OO","SkyWest Airlines Inc.",3,113533.00,0.00,89124150.00,99897672.00,1953.00,1981.00,"IU",
2018,4,2,20304,"OO","SkyWest Airlines Inc.","06700","OO","SkyWest Airlines Inc.",3,23176.00,0.00,28741019.00,41856240.00,445.00,449.00,"IU",
2018,4,2,20310,"WL","Caribbean Sun Airlines, Inc. d/b/a World Atlantic Airlines","16076","WL","Caribbean Sun Airlines, Inc. d/b/a World Atlantic Airlines",1,0.00,418.00,314502.00,12347765.00,92.00,0.00,"DU",
2018,4,2,20310,"WL","Caribbean Sun Airlines, Inc. d/b/a World Atlantic Airlines","16076","WL","Caribbean Sun Airlines, Inc. d/b/a World Atlantic Airlines",1,0.00,174.00,286130.00,863970.00,4.00,0.00,"DU",
2018,4,2,20310,"WL","Caribbean Sun Airlines, Inc. d/b/a World Atlantic Airlines","16076","WL","Caribbean Sun Airlines, Inc. d/b/a World Atlantic Airlines",1,0.00,14847.00,11914052.00,25947155.00,208.00,0.00,"IU",
2018,4,2,20319,"2E","Smokey Bay Air Inc.","06971","2E","Smokey Bay Air Inc.",1,1734.00,17.00,33775.00,81015.00,1023.00,0.00,"DU",
2018,4,2,20322,"Z3","Bidzy Ta Hot Aana, Inc. d/b/a Tanana Air Service","06969","Z3","Bidzy Ta Hot Aana, Inc. d/b/a Tanana Air Service",1,264.00,59.00,21075.00,69732.00,226.00,0.00,"DU",
2018,4,2,20323,"4W","Warbelow","06967","4W","Warbelow",1,992.00,379.00,196164.00,560412.00,587.00,0.00,"DU",
2018,4,2,20327,"7H","Era Aviation","06989","7H","Era Aviation",1,30477.00,556.00,6012642.00,10991291.00,1694.00,0.00,"DU",
2018,4,2,20330,"7S","Ryan Air f/k/a Arctic Transportation","06995","7S","Ryan Air f/k/a Arctic Transportation",1,57.00,52.00,12633.00,165609.00,1290.00,0.00,"DU",
2018,4,2,20331,"8E","Bering Air Inc.","06992","8E","Bering Air Inc.",1,6425.00,1018.00,835221.00,2015629.00,2722.00,0.00,"DU",
2018,4,2,20333,"8V","Wright Air Service","38099","8V","Wright Air Service",1,3745.00,238.00,842722.00,1583128.00,1344.00,0.00,"DU",
2018,4,2,20336,"H6","Hageland Aviation Service","06984","H6","Hageland Aviation Service",1,19727.00,1458.00,2089891.00,5181852.00,8902.00,0.00,"DU",
2018,4,2,20337,"J5","Kalinin Aviation LLC d/b/a Alaska Seaplanes","38269","J5","Kalinin Aviation LLC d/b/a Alaska Seaplanes",1,5590.00,58.00,416349.00,812399.00,1580.00,0.00,"DU",
2018,4,2,20341,"KO","Alaska Central Express","06019","KO","Alaska Central Express",1,0.00,382.00,283886.00,645264.00,840.00,0.00,"DU",
2018,4,2,20342,"Q5","40-Mile Air","06999","Q5","40-Mile Air",1,57.00,14.00,7747.00,22192.00,52.00,0.00,"DU",
2018,4,2,20346,"V8","Iliamna Air Taxi","06983","V8","Iliamna Air Taxi",1,567.00,244.00,119252.00,259782.00,415.00,0.00,"DU",
2018,4,2,20363,"9E","Endeavor Air Inc.","38084","9E","Endeavor Air Inc.",2,1091158.00,0.00,515856279.00,653625633.00,20434.00,20901.00,"DU",
2018,4,2,20363,"9E","Endeavor Air Inc.","38084","9E","Endeavor Air Inc.",2,71262.00,0.00,38006080.00,44773997.00,1190.00,1238.00,"IU",
2018,4,2,20363,"9E","Endeavor Air Inc.","38084","9E","Endeavor Air Inc.",2,7250.00,0.00,5508792.00,6848220.00,120.00,120.00,"IU",
2018,4,2,20366,"EV","ExpressJet Airlines Inc.","06085","EV","ExpressJet Airlines Inc.",3,757123.00,0.00,365105347.00,460783559.00,17683.00,17939.00,"DU",
2018,4,2,20366,"EV","ExpressJet Airlines Inc.","06085","EV","ExpressJet Airlines Inc.",3,32330.00,0.00,13434334.00,14953890.00,720.00,746.00,"IU",
2018,4,2,20366,"EV","ExpressJet Airlines Inc.","06085","EV","ExpressJet Airlines Inc.",3,27294.00,0.00,19395339.00,25781030.00,708.00,708.00,"IU",
2018,4,2,20378,"YV","Mesa Airlines Inc.","38029","YV","Mesa Airlines Inc.",2,1013655.00,0.00,566086026.00,692630683.00,16531.00,16664.00,"DU",
2018,4,2,20378,"YV","Mesa Airlines Inc.","38029","YV","Mesa Airlines Inc.",2,33254.00,0.00,25072770.00,27439162.00,498.00,498.00,"IU",
2018,4,2,20378,"YV","Mesa Airlines Inc.","38029","YV","Mesa Airlines Inc.",2,74921.00,0.00,53608914.00,74862726.00,1394.00,1396.00,"IU",
2018,4,2,20383,"K3","Venture Travel LLC d/b/a Taquan Air Service","06968","K3","Venture Travel LLC d/b/a Taquan Air Service",1,256.00,2.00,11605.00,83458.00,337.00,0.00,"DU",
2018,4,2,20397,"OH","PSA Airlines Inc.","07028","OH","PSA Airlines Inc.",2,1161356.00,0.00,434394095.00,560433616.00,22893.00,23347.00,"DU",
2018,4,2,20397,"OH","PSA Airlines Inc.","07028","OH","PSA Airlines Inc.",2,11609.00,0.00,6826092.00,7555800.00,170.00,190.00,"IU",
2018,4,2,20397,"OH","PSA Airlines Inc.","07028","OH","PSA Airlines Inc.",2,2546.00,0.00,1555606.00,2063958.00,52.00,52.00,"IU",
2018,4,2,20398,"MQ","Envoy Air","06820","MQ","Envoy Air",3,1028036.00,275.00,468756053.00,605892174.00,23561.00,24130.00,"DU",
2018,4,2,20398,"MQ","Envoy Air","06820","MQ","Envoy Air",3,43218.00,0.00,29405276.00,34418244.00,907.00,986.00,"IU",
2018,4,2,20398,"MQ","Envoy Air","06820","MQ","Envoy Air",3,45581.00,0.00,25749550.00,35827908.00,1043.00,1046.00,"IU",
2018,4,2,20401,"3M","Silver Airways","06888","3M","Silver Airways",1,39837.00,0.00,9212314.00,12878530.00,1776.00,1789.00,"DU",
2018,4,2,20401,"3M","Silver Airways","06888","3M","Silver Airways",1,27403.00,0.00,5810499.00,8085364.00,1201.00,1212.00,"IU",
2018,4,2,20408,"5V","Tatonduk Outfitters Limited d/b/a Everts Air Alaska and Everts Air Cargo","06860","5V","Tatonduk Outfitters Limited d/b/a Everts Air Alaska and Everts Air Cargo",1,121.00,60.00,37823.00,204543.00,483.00,0.00,"DU",
2018,4,2,20408,"5V","Tatonduk Outfitters Limited d/b/a Everts Air Alaska and Everts Air Cargo","06860","5V","Tatonduk Outfitters Limited d/b/a Everts Air Alaska and Everts Air Cargo",1,0.00,0.00,0.00,0.00,2.00,0.00,"IU",
2018,4,2,20424,"YR","Grand Canyon Airlines, Inc. d/b/a Grand Canyon Airlines d/b/a Scenic Airlines","06942","YR","Grand Canyon Airlines, Inc. d/b/a Grand Canyon Airlines d/b/a Scenic Airlines",1,77.00,13159.00,663475.00,770584.00,1158.00,10.00,"DU",
2018,4,2,20426,"VI","Vieques Air Link Inc.","30890","VI","Vieques Air Link Inc.",1,5756.00,0.00,164451.00,371529.00,1257.00,1120.00,"DU",
2018,4,2,20427,"PT","Piedmont Airlines","06918","PT","Piedmont Airlines",1,270441.00,0.00,75123907.00,96383786.00,7150.00,7467.00,"DU",
2018,4,2,20427,"PT","Piedmont Airlines","06918","PT","Piedmont Airlines",1,21416.00,0.00,7897314.00,9139500.00,495.00,521.00,"IU",
2018,4,2,20443,"2O","Island Air Service","06981","2O","Island Air Service",1,214.00,56.00,17297.00,48660.00,172.00,0.00,"DU",
2018,4,2,20445,"C5","Commutair Aka Champlain Enterprises, Inc.","06944","C5","Commutair Aka Champlain Enterprises, Inc.",1,146736.00,0.00,49744846.00,59397500.00,3589.00,3768.00,"DU",
2018,4,2,20455,"GV","Grant Aviation","06985","GV","Grant Aviation",1,8716.00,169.00,707784.00,2069510.00,4068.00,0.00,"DU",
2018,4,2,20500,"G7","GoJet Airlines LLC d/b/a United Express","07041","G7","GoJet Airlines LLC d/b/a United Express",2,388905.00,0.00,209268583.00,258434882.00,6974.00,7010.00,"DU",
2018,4,2,20500,"G7","GoJet Airlines LLC d/b/a United Express","07041","G7","GoJet Airlines LLC d/b/a United Express",2,34637.00,0.00,21641568.00,25296324.00,568.00,580.00,"IU",
2018,4,2,21022,"Z3Q","PM Air, LLC","01100","Z3Q","PM Air, LLC",1,0.00,3194.00,223580.00,275800.00,394.00,0.00,"DU",
2018,5,2,19687,"QX","Horizon Air","37960","QX","Horizon Air",2,568726.00,0.00,216732873.00,269435048.00,9740.00,9807.00,"DU",
2018,5,2,19687,"QX","Horizon Air","37960","QX","Horizon Air",2,58307.00,0.00,15025424.00,18327552.00,932.00,935.00,"IU",
2018,5,2,20046,"ZW","Air Wisconsin Airlines Corp","30124","ZW","Air Wisconsin Airlines Corp",1,352415.00,0.00,124757792.00,153674750.00,8865.00,9404.00,"DU",
2018,5,2,20225,"KS","Peninsula Airways Inc.","37626","KS","Peninsula Airways Inc.",1,17361.00,60.00,7915425.00,13478681.00,904.00,0.00,"DU",
2018,5,2,20226,"SNK","Spernak Airways Inc.","38285","SNK","Spernak Airways Inc.",1,6.00,953.00,42794.00,124509.00,616.00,0.00,"DU",
2018,5,2,20237,"AX","Trans States Airlines","06904","AX","Trans States Airlines",1,293738.00,92.00,128617387.00,155823400.00,7261.00,7429.00,"DU",
2018,5,2,20237,"AX","Trans States Airlines","06904","AX","Trans States Airlines",1,29850.00,0.00,15223811.00,17299450.00,682.00,712.00,"IU",
2018,5,2,20253,"9K","Cape Air","07021","9K","Cape Air",1,53308.00,0.00,5947137.00,9720045.00,8569.00,16945.00,"DU",
2018,5,2,20253,"9K","Cape Air","07021","9K","Cape Air",1,1162.00,0.00,111552.00,206496.00,239.00,478.00,"IU",
2018,5,2,20257,"CH","Bemidji Airlines","06954","CH","Bemidji Airlines",1,0.00,0.00,0.00,1393.00,52.00,52.00,"DU",
2018,5,2,20261,"ELL","Ellis Air Taxi Inc.","38034","ELL","Ellis Air Taxi Inc.",1,25.00,0.00,2455.00,11016.00,36.00,36.00,"DU",
2018,5,2,20263,"EM","Empire Airlines Inc.","16300","EM","Empire Airlines Inc.",1,17555.00,0.00,1223628.00,2284416.00,2622.00,1948.00,"DU",
2018,5,2,20267,"GCH","Grand Canyon Helicopters","38025","GCH","Grand Canyon Helicopters",1,0.00,0.00,21948.00,21948.00,62.00,56.00,"DU",
2018,5,2,20272,"KAH","Kenmore Air Harbor","38083","KAH","Kenmore Air Harbor",1,4050.00,382.00,171964.00,344261.00,1406.00,1258.00,"DU",
2018,5,2,20272,"KAH","Kenmore Air Harbor","38083","KAH","Kenmore Air Harbor",1,3004.00,156.00,251492.00,411003.00,585.00,532.00,"IU",
2018,5,2,20280,"SEB","Seaborne Virgin Islands, Inc.","06819","SEB","Seaborne Virgin Islands, Inc.",1,13544.00,0.00,859252.00,1188987.00,773.00,831.00,"DU",
2018,5,2,20280,"SEB","Seaborne Virgin Islands, Inc.","06819","SEB","Seaborne Virgin Islands, Inc.",1,8615.00,0.00,1619250.00,2266270.00,392.00,399.00,"IU",
2018,5,2,20285,"WRD","Ward Air","06902","WRD","Ward Air",1,3.00,0.00,134.00,808.00,12.00,0.00,"DU",
2018,5,2,20304,"OO","SkyWest Airlines Inc.","06700","OO","SkyWest Airlines Inc.",3,3174026.00,0.00,1658922008.00,2018440387.00,65137.00,65918.00,"DU",
2018,5,2,20304,"OO","SkyWest Airlines Inc.","06700","OO","SkyWest Airlines Inc.",3,120129.00,0.00,87470594.00,98576346.00,2064.00,2090.00,"IU",
2018,5,2,20304,"OO","SkyWest Airlines Inc.","06700","OO","SkyWest Airlines Inc.",3,20087.00,0.00,24104577.00,35542236.00,391.00,396.00,"IU",
2018,5,2,20310,"WL","Caribbean Sun Airlines, Inc. d/b/a World Atlantic Airlines","16076","WL","Caribbean Sun Airlines, Inc. d/b/a World Atlantic Airlines",1,0.00,1205.00,1501965.00,15037790.00,119.00,0.00,"DU",
2018,5,2,20310,"WL","Caribbean Sun Airlines, Inc. d/b/a World Atlantic Airlines","16076","WL","Caribbean Sun Airlines, Inc. d/b/a World Atlantic Airlines",1,0.00,180.00,253164.00,1240775.00,7.00,0.00,"DU",
2018,5,2,20310,"WL","Caribbean Sun Airlines, Inc. d/b/a World Atlantic Airlines","16076","WL","Caribbean Sun Airlines, Inc. d/b/a World Atlantic Airlines",1,0.00,16230.00,15979278.00,31382230.00,210.00,0.00,"IU",
2018,5,2,20319,"2E","Smokey Bay Air Inc.","06971","2E","Smokey Bay Air Inc.",1,1721.00,284.00,40273.00,93565.00,1154.00,0.00,"DU",
2018,5,2,20322,"Z3","Bidzy Ta Hot Aana, Inc. d/b/a Tanana Air Service","06969","Z3","Bidzy Ta Hot Aana, Inc. d/b/a Tanana Air Service",1,453.00,9.00,24989.00,92208.00,395.00,0.00,"DU",
2018,5,2,20323,"4W","Warbelow","06967","4W","Warbelow",1,1203.00,1192.00,397257.00,896085.00,804.00,0.00,"DU",
2018,5,2,20327,"7H","Era Aviation","06989","7H","Era Aviation",1,35905.00,685.00,7033066.00,12236098.00,1932.00,0.00,"DU",
2018,5,2,20330,"7S","Ryan Air f/k/a Arctic Transportation","06995","7S","Ryan Air f/k/a Arctic Transportation",1,93.00,158.00,58668.00,265966.00,1516.00,0.00,"DU",
2018,5,2,20331,"8E","Bering Air Inc.","06992","8E","Bering Air Inc.",1,5998.00,831.00,806035.00,2024742.00,2661.00,0.00,"DU",
2018,5,2,20333,"8V","Wright Air Service","38099","8V","Wright Air Service",1,4164.00,405.00,984045.00,1878969.00,1563.00,0.00,"DU",
2018,5,2,20336,"H6","Hageland Aviation Service","06984","H6","Hageland Aviation Service",1,22267.00,977.00,2333817.00,5308149.00,9293.00,0.00,"DU",
2018,5,2,20337,"J5","Kalinin Aviation LLC d/b/a Alaska Seaplanes","38269","J5","Kalinin Aviation LLC d/b/a Alaska Seaplanes",1,7091.00,350.00,550025.00,1287282.00,2510.00,0.00,"DU",
2018,5,2,20341,"KO","Alaska Central Express","06019","KO","Alaska Central Express",1,0.00,257.00,111017.00,255824.00,1186.00,0.00,"DU",
2018,5,2,20342,"Q5","40-Mile Air","06999","Q5","40-Mile Air",1,22.00,20.00,4492.00,15584.00,44.00,0.00,"DU",
2018,5,2,20346,"V8","Iliamna Air Taxi","06983","V8","Iliamna Air Taxi",1,713.00,210.00,159262.00,339039.00,475.00,0.00,"DU",
2018,5,2,20363,"9E","Endeavor Air Inc.","38084","9E","Endeavor Air Inc.",2,1160938.00,0.00,574369609.00,701927345.00,20928.00,21097.00,"DU",
2018,5,2,20363,"9E","Endeavor Air Inc.","38084","9E","Endeavor Air Inc.",2,74359.00,0.00,39183206.00,45607808.00,1246.00,1258.00,"IU",
2018,5,2,20363,"9E","Endeavor Air Inc.","38084","9E","Endeavor Air Inc.",2,3418.00,0.00,2959988.00,3554064.00,54.00,54.00,"IU",
2018,5,2,20366,"EV","ExpressJet Airlines Inc.","06085","EV","ExpressJet Airlines Inc.",3,744201.00,0.00,350795127.00,427696681.00,16811.00,17000.00,"DU",
2018,5,2,20366,"EV","ExpressJet Airlines Inc.","06085","EV","ExpressJet Airlines Inc.",3,35512.00,0.00,14510751.00,16004200.00,785.00,802.00,"IU",
2018,5,2,20366,"EV","ExpressJet Airlines Inc.","06085","EV","ExpressJet Airlines Inc.",3,30104.00,0.00,20996754.00,27387530.00,746.00,756.00,"IU",
2018,5,2,20378,"YV","Mesa Airlines Inc.","38029","YV","Mesa Airlines Inc.",2,1096196.00,0.00,599354073.00,717313317.00,17477.00,17672.00,"DU",
2018,5,2,20378,"YV","Mesa Airlines Inc.","38029","YV","Mesa Airlines Inc.",2,25997.00,0.00,16620430.00,18532372.00,399.00,399.00,"IU",
2018,5,2,20378,"YV","Mesa Airlines Inc.","38029","YV","Mesa Airlines Inc.",2,77705.00,0.00,55217460.00,78448449.00,1484.00,1484.00,"IU",
2018,5,2,20397,"OH","PSA Airlines Inc.","07028","OH","PSA Airlines Inc.",2,1226592.00,0.00,465341571.00,581885693.00,23373.00,23929.00,"DU",
2018,5,2,20397,"OH","PSA Airlines Inc.","07028","OH","PSA Airlines Inc.",2,15819.00,0.00,9221597.00,10317486.00,234.00,240.00,"IU",
2018,5,2,20397,"OH","PSA Airlines Inc.","07028","OH","PSA Airlines Inc.",2,2062.00,0.00,1259882.00,1715077.00,43.00,44.00,"IU",
2018,5,2,20398,"MQ","Envoy Air","06820","MQ","Envoy Air",3,1103185.00,549.00,511054032.00,633236537.00,24521.00,25455.00,"DU",
2018,5,2,20398,"MQ","Envoy Air","06820","MQ","Envoy Air",3,52779.00,0.00,36082434.00,42545336.00,1070.00,1139.00,"IU",
2018,5,2,20398,"MQ","Envoy Air","06820","MQ","Envoy Air",3,43005.00,0.00,25386693.00,35534084.00,999.00,1005.00,"IU",
2018,5,2,20401,"3M","Silver Airways","06888","3M","Silver Airways",1,39412.00,0.00,9239411.00,13150498.00,1813.00,1858.00,"DU",
2018,5,2,20401,"3M","Silver Airways","06888","3M","Silver Airways",1,25923.00,0.00,5512789.00,8194572.00,1220.00,1253.00,"IU",
2018,5,2,20408,"5V","Tatonduk Outfitters Limited d/b/a Everts Air Alaska and Everts Air Cargo","06860","5V","Tatonduk Outfitters Limited d/b/a Everts Air Alaska and Everts Air Cargo",1,188.00,129.00,75670.00,288270.00,524.00,0.00,"DU",
2018,5,2,20424,"YR","Grand Canyon Airlines, Inc. d/b/a Grand Canyon Airlines d/b/a Scenic Airlines","06942","YR","Grand Canyon Airlines, Inc. d/b/a Grand Canyon Airlines d/b/a Scenic Airlines",1,118.00,27303.00,1368516.00,1580372.00,2522.00,16.00,"DU",
2018,5,2,20426,"VI","Vieques Air Link Inc.","30890","VI","Vieques Air Link Inc.",1,6251.00,0.00,171380.00,321318.00,1096.00,1096.00,"DU",
2018,5,2,20427,"PT","Piedmont Airlines","06918","PT","Piedmont Airlines",1,285117.00,0.00,78637601.00,97960412.00,7255.00,7650.00,"DU",
2018,5,2,20427,"PT","Piedmont Airlines","06918","PT","Piedmont Airlines",1,23790.00,0.00,8793844.00,10364200.00,560.00,577.00,"IU",
2018,5,2,20443,"2O","Island Air Service","06981","2O","Island Air Service",1,1201.00,431.00,86779.00,256189.00,978.00,0.00,"DU",
2018,5,2,20445,"C5","Commutair Aka Champlain Enterprises, Inc.","06944","C5","Commutair Aka Champlain Enterprises, Inc.",1,153379.00,0.00,55179090.00,64702350.00,3680.00,3831.00,"DU",
2018,5,2,20455,"GV","Grant Aviation","06985","GV","Grant Aviation",1,10380.00,248.00,844411.00,2443642.00,4660.00,0.00,"DU",
2018,5,2,20500,"G7","GoJet Airlines LLC d/b/a United Express","07041","G7","GoJet Airlines LLC d/b/a United Express",2,419118.00,0.00,222417697.00,269394110.00,7351.00,7383.00,"DU",
2018,5,2,20500,"G7","GoJet Airlines LLC d/b/a United Express","07041","G7","GoJet Airlines LLC d/b/a United Express",2,34733.00,0.00,22182512.00,25377970.00,566.00,566.00,"IU",
2018,5,2,21022,"Z3Q","PM Air, LLC","01100","Z3Q","PM Air, LLC",1,0.00,1855.00,129850.00,163800.00,234.00,0.00,"DU",
2018,6,2,19687,"QX","Horizon Air","37960","QX","Horizon Air",2,596460.00,0.00,219404878.00,267358652.00,10021.00,10118.00,"DU",
2018,6,2,19687,"QX","Horizon Air","37960","QX","Horizon Air",2,63432.00,0.00,15790592.00,20143268.00,1069.00,1080.00,"IU",
2018,6,2,20046,"ZW","Air Wisconsin Airlines Corp","30124","ZW","Air Wisconsin Airlines Corp",1,339747.00,0.00,126554045.00,152349950.00,8316.00,8943.00,"DU",
2018,6,2,20225,"KS","Peninsula Airways Inc.","37626","KS","Peninsula Airways Inc.",1,18468.00,141.00,9062746.00,14600435.00,837.00,0.00,"DU",
2018,6,2,20226,"SNK","Spernak Airways Inc.","38285","SNK","Spernak Airways Inc.",1,13.00,847.00,40217.00,105768.00,519.00,0.00,"DU",
2018,6,2,20237,"AX","Trans States Airlines","06904","AX","Trans States Airlines",1,301168.00,80.00,135460776.00,160889300.00,7318.00,7646.00,"DU",
2018,6,2,20237,"AX","Trans States Airlines","06904","AX","Trans States Airlines",1,25022.00,0.00,12001476.00,13425750.00,559.00,598.00,"IU",
2018,6,2,20253,"9K","Cape Air","07021","9K","Cape Air",1,46468.00,0.00,5009294.00,8305731.00,9012.00,17831.00,"DU",
2018,6,2,20253,"9K","Cape Air","07021","9K","Cape Air",1,1456.00,0.00,139776.00,226368.00,262.00,524.00,"IU",
2018,6,2,20257,"CH","Bemidji Airlines","06954","CH","Bemidji Airlines",1,0.00,0.00,0.00,1393.00,52.00,52.00,"DU",
2018,6,2,20261,"ELL","Ellis Air Taxi Inc.","38034","ELL","Ellis Air Taxi Inc.",1,54.00,0.00,5318.00,11016.00,32.00,36.00,"DU",
2018,6,2,20263,"EM","Empire Airlines Inc.","16300","EM","Empire Airlines Inc.",1,16726.00,43.00,1158202.00,2142912.00,2528.00,1892.00,"DU",
2018,6,2,20267,"GCH","Grand Canyon Helicopters","38025","GCH","Grand Canyon Helicopters",1,0.00,0.00,0.00,21240.00,0.00,60.00,"DU",
2018,6,2,20272,"KAH","Kenmore Air Harbor","38083","KAH","Kenmore Air Harbor",1,5016.00,320.00,209639.00,415636.00,1607.00,1440.00,"DU",
2018,6,2,20272,"KAH","Kenmore Air Harbor","38083","KAH","Kenmore Air Harbor",1,3112.00,130.00,257171.00,414140.00,596.00,509.00,"IU",
2018,6,2,20280,"SEB","Seaborne Virgin Islands, Inc.","06819","SEB","Seaborne Virgin Islands, Inc.",1,12903.00,0.00,834527.00,1160275.00,772.00,784.00,"DU",
2018,6,2,20280,"SEB","Seaborne Virgin Islands, Inc.","06819","SEB","Seaborne Virgin Islands, Inc.",1,8617.00,0.00,1592475.00,2313407.00,406.00,414.00,"IU",
2018,6,2,20285,"WRD","Ward Air","06902","WRD","Ward Air",1,7.00,0.00,144.00,872.00,10.00,0.00,"DU",
2018,6,2,20304,"OO","SkyWest Airlines Inc.","06700","OO","SkyWest Airlines Inc.",3,3356069.00,0.00,1726566310.00,2076172483.00,66849.00,67674.00,"DU",
2018,6,2,20304,"OO","SkyWest Airlines Inc.","06700","OO","SkyWest Airlines Inc.",3,97688.00,0.00,75241912.00,86127188.00,1776.00,1791.00,"IU",
2018,6,2,20304,"OO","SkyWest Airlines Inc.","06700","OO","SkyWest Airlines Inc.",3,17192.00,0.00,19975968.00,25610252.00,299.00,302.00,"IU",
2018,6,2,20310,"WL","Caribbean Sun Airlines, Inc. d/b/a World Atlantic Airlines","16076","WL","Caribbean Sun Airlines, Inc. d/b/a World Atlantic Airlines",1,0.00,742.00,838236.00,12428055.00,92.00,0.00,"DU",
2018,6,2,20310,"WL","Caribbean Sun Airlines, Inc. d/b/a World Atlantic Airlines","16076","WL","Caribbean Sun Airlines, Inc. d/b/a World Atlantic Airlines",1,0.00,0.00,0.00,774535.00,5.00,0.00,"DU",
2018,6,2,20310,"WL","Caribbean Sun Airlines, Inc. d/b/a World Atlantic Airlines","16076","WL","Caribbean Sun Airlines, Inc. d/b/a World Atlantic Airlines",1,0.00,19515.00,14549950.00,29107605.00,243.00,0.00,"IU",
2018,6,2,20319,"2E","Smokey Bay Air Inc.","06971","2E","Smokey Bay Air Inc.",1,1237.00,711.00,52386.00,114870.00,1121.00,0.00,"DU",
2018,6,2,20322,"Z3","Bidzy Ta Hot Aana, Inc. d/b/a Tanana Air Service","06969","Z3","Bidzy Ta Hot Aana, Inc. d/b/a Tanana Air Service",1,547.00,11.00,31208.00,96351.00,363.00,0.00,"DU",
2018,6,2,20323,"4W","Warbelow","06967","4W","Warbelow",1,431.00,2810.00,620936.00,1222641.00,876.00,0.00,"DU",
2018,6,2,20327,"7H","Era Aviation","06989","7H","Era Aviation",1,38042.00,1465.00,7374505.00,12830951.00,2020.00,0.00,"DU",
2018,6,2,20330,"7S","Ryan Air f/k/a Arctic Transportation","06995","7S","Ryan Air f/k/a Arctic Transportation",1,90.00,134.00,67720.00,223325.00,1556.00,0.00,"DU",
2018,6,2,20331,"8E","Bering Air Inc.","06992","8E","Bering Air Inc.",1,4062.00,578.00,604816.00,1629383.00,1923.00,0.00,"DU",
2018,6,2,20333,"8V","Wright Air Service","38099","8V","Wright Air Service",1,4971.00,511.00,1150435.00,2074012.00,1809.00,0.00,"DU",
2018,6,2,20336,"H6","Hageland Aviation Service","06984","H6","Hageland Aviation Service",1,23879.00,1804.00,2139773.00,5597563.00,9247.00,0.00,"DU",
2018,6,2,20337,"J5","Kalinin Aviation LLC d/b/a Alaska Seaplanes","38269","J5","Kalinin Aviation LLC d/b/a Alaska Seaplanes",1,8525.00,569.00,630640.00,1522894.00,3109.00,0.00,"DU",
2018,6,2,20341,"KO","Alaska Central Express","06019","KO","Alaska Central Express",1,0.00,1053.00,674013.00,1243216.00,1456.00,0.00,"DU",
2018,6,2,20342,"Q5","40-Mile Air","06999","Q5","40-Mile Air",1,56.00,25.00,7883.00,25096.00,71.00,0.00,"DU",
2018,6,2,20346,"V8","Iliamna Air Taxi","06983","V8","Iliamna Air Taxi",1,932.00,410.00,267470.00,589622.00,577.00,0.00,"DU",
2018,6,2,20363,"9E","Endeavor Air Inc.","38084","9E","Endeavor Air Inc.",2,1245243.00,97.00,616542211.00,735053630.00,21879.00,21949.00,"DU",
2018,6,2,20363,"9E","Endeavor Air Inc.","38084","9E","Endeavor Air Inc.",2,93627.00,0.00,46777905.00,53779330.00,1514.00,1522.00,"IU",
2018,6,2,20363,"9E","Endeavor Air Inc.","38084","9E","Endeavor Air Inc.",2,2962.00,0.00,2565092.00,2895904.00,44.00,44.00,"IU",
2018,6,2,20366,"EV","ExpressJet Airlines Inc.","06085","EV","ExpressJet Airlines Inc.",3,758171.00,0.00,371289478.00,438734239.00,16685.00,16873.00,"DU",
2018,6,2,20366,"EV","ExpressJet Airlines Inc.","06085","EV","ExpressJet Airlines Inc.",3,55634.00,0.00,28129833.00,31699760.00,1211.00,1228.00,"IU",
2018,6,2,20366,"EV","ExpressJet Airlines Inc.","06085","EV","ExpressJet Airlines Inc.",3,32548.00,0.00,22924060.00,28362920.00,766.00,768.00,"IU",
2018,6,2,20378,"YV","Mesa Airlines Inc.","38029","YV","Mesa Airlines Inc.",2,1150005.00,0.00,628223440.00,730662139.00,18004.00,18293.00,"DU",
2018,6,2,20378,"YV","Mesa Airlines Inc.","38029","YV","Mesa Airlines Inc.",2,30876.00,0.00,19972925.00,21900550.00,472.00,472.00,"IU",
2018,6,2,20378,"YV","Mesa Airlines Inc.","38029","YV","Mesa Airlines Inc.",2,14846.00,0.00,4044967.00,5601263.00,132.00,141.00,"DU",
2018,6,2,20378,"YV","Mesa Airlines Inc.","38029","YV","Mesa Airlines Inc.",2,81794.00,0.00,58560816.00,75663849.00,1420.00,1423.00,"IU",
2018,6,2,20383,"K3","Venture Travel LLC d/b/a Taquan Air Service","06968","K3","Venture Travel LLC d/b/a Taquan Air Service",1,3920.00,201.00,32655.00,230458.00,1263.00,0.00,"DU",
2018,6,2,20397,"OH","PSA Airlines Inc.","07028","OH","PSA Airlines Inc.",2,1073727.00,0.00,410855201.00,513276037.00,20505.00,23799.00,"DU",
2018,6,2,20397,"OH","PSA Airlines Inc.","07028","OH","PSA Airlines Inc.",2,13784.00,0.00,8079687.00,9206150.00,207.00,240.00,"IU",
2018,6,2,20397,"OH","PSA Airlines Inc.","07028","OH","PSA Airlines Inc.",2,689.00,0.00,428059.00,683664.00,17.00,17.00,"IU",
2018,6,2,20398,"MQ","Envoy Air","06820","MQ","Envoy Air",3,1129415.00,60.00,541524933.00,655225480.00,24857.00,26087.00,"DU",
2018,6,2,20398,"MQ","Envoy Air","06820","MQ","Envoy Air",3,52688.00,0.00,39278950.00,45073362.00,1051.00,1114.00,"IU",
2018,6,2,20398,"MQ","Envoy Air","06820","MQ","Envoy Air",3,63899.00,0.00,34707806.00,44754968.00,1413.00,1417.00,"IU",
2018,6,2,20401,"3M","Silver Airways","06888","3M","Silver Airways",1,38336.00,0.00,9066443.00,12546321.00,1734.00,1746.00,"DU",
2018,6,2,20401,"3M","Silver Airways","06888","3M","Silver Airways",1,30087.00,0.00,6520347.00,8228609.00,1216.00,1226.00,"IU",
2018,6,2,20408,"5V","Tatonduk Outfitters Limited d/b/a Everts Air Alaska and Everts Air Cargo","06860","5V","Tatonduk Outfitters Limited d/b/a Everts Air Alaska and Everts Air Cargo",1,155.00,154.00,65623.00,264753.00,576.00,0.00,"DU",
2018,6,2,20424,"YR","Grand Canyon Airlines, Inc. d/b/a Grand Canyon Airlines d/b/a Scenic Airlines","06942","YR","Grand Canyon Airlines, Inc. d/b/a Grand Canyon Airlines d/b/a Scenic Airlines",1,120.00,25599.00,1527208.00,1727585.00,2400.00,18.00,"DU",
2018,6,2,20426,"VI","Vieques Air Link Inc.","30890","VI","Vieques Air Link Inc.",1,5956.00,0.00,172703.00,372177.00,1335.00,1360.00,"DU",
2018,6,2,20427,"PT","Piedmont Airlines","06918","PT","Piedmont Airlines",1,311745.00,0.00,85080070.00,104372278.00,7767.00,8090.00,"DU",
2018,6,2,20427,"PT","Piedmont Airlines","06918","PT","Piedmont Airlines",1,28061.00,0.00,10915004.00,12778700.00,654.00,667.00,"IU",
2018,6,2,20443,"2O","Island Air Service","06981","2O","Island Air Service",1,1480.00,601.00,112852.00,341844.00,1231.00,0.00,"DU",
2018,6,2,20445,"C5","Commutair Aka Champlain Enterprises, Inc.","06944","C5","Commutair Aka Champlain Enterprises, Inc.",1,179057.00,0.00,59310830.00,68539950.00,4282.00,4348.00,"DU",
2018,6,2,20455,"GV","Grant Aviation","06985","GV","Grant Aviation",1,10333.00,240.00,858267.00,2326117.00,4636.00,0.00,"DU",
2018,6,2,20500,"G7","GoJet Airlines LLC d/b/a United Express","07041","G7","GoJet Airlines LLC d/b/a United Express",2,447088.00,0.00,246900833.00,287248348.00,7533.00,7624.00,"DU",
2018,6,2,20500,"G7","GoJet Airlines LLC d/b/a United Express","07041","G7","GoJet Airlines LLC d/b/a United Express",2,24369.00,0.00,14265477.00,16268348.00,386.00,386.00,"IU",
2018,6,2,21022,"Z3Q","PM Air, LLC","01100","Z3Q","PM Air, LLC",1,0.00,2954.00,206780.00,260400.00,372.00,0.00,"DU",
2018,7,3,19687,"QX","Horizon Air","37960","QX","Horizon Air",2,597288.00,0.00,217243507.00,272371612.00,10391.00,10481.00,"DU",
2018,7,3,19687,"QX","Horizon Air","37960","QX","Horizon Air",2,69098.00,0.00,17278244.00,20838060.00,1112.00,1121.00,"IU",
2018,7,3,20046,"ZW","Air Wisconsin Airlines Corp","30124","ZW","Air Wisconsin Airlines Corp",1,354091.00,0.00,133127910.00,159368450.00,8600.00,8762.00,"DU",
2018,7,3,20225,"KS","Peninsula Airways Inc.","37626","KS","Peninsula Airways Inc.",1,20688.00,132.00,8764031.00,14527382.00,886.00,0.00,"DU",
2018,7,3,20226,"SNK","Spernak Airways Inc.","38285","SNK","Spernak Airways Inc.",1,10.00,980.00,40536.00,118050.00,604.00,0.00,"DU",
2018,7,3,20237,"AX","Trans States Airlines","06904","AX","Trans States Airlines",1,297311.00,0.00,132491294.00,157940000.00,7224.00,7493.00,"DU",
2018,7,3,20237,"AX","Trans States Airlines","06904","AX","Trans States Airlines",1,23998.00,0.00,11506378.00,12965950.00,545.00,574.00,"IU",
2018,7,3,20253,"9K","Cape Air","07021","9K","Cape Air",1,52316.00,0.00,5573866.00,8905716.00,9781.00,19393.00,"DU",
2018,7,3,20253,"9K","Cape Air","07021","9K","Cape Air",1,1517.00,0.00,145632.00,253152.00,293.00,586.00,"IU",
2018,7,3,20257,"CH","Bemidji Airlines","06954","CH","Bemidji Airlines",1,0.00,0.00,0.00,1393.00,49.00,49.00,"DU",
2018,7,3,20261,"ELL","Ellis Air Taxi Inc.","38034","ELL","Ellis Air Taxi Inc.",1,80.00,0.00,7800.00,13150.00,36.00,36.00,"DU",
2018,7,3,20263,"EM","Empire Airlines Inc.","16300","EM","Empire Airlines Inc.",1,19131.00,360.00,1369038.00,2485632.00,2535.00,1807.00,"DU",
2018,7,3,20267,"GCH","Grand Canyon Helicopters","38025","GCH","Grand Canyon Helicopters",1,0.00,0.00,0.00,21948.00,62.00,62.00,"DU",
2018,7,3,20272,"KAH","Kenmore Air Harbor","38083","KAH","Kenmore Air Harbor",1,6151.00,701.00,320177.00,557364.00,1749.00,1519.00,"DU",
2018,7,3,20272,"KAH","Kenmore Air Harbor","38083","KAH","Kenmore Air Harbor",1,3808.00,407.00,339668.00,481612.00,699.00,533.00,"IU",
2018,7,3,20280,"SEB","Seaborne Virgin Islands, Inc.","06819","SEB","Seaborne Virgin Islands, Inc.",1,13188.00,0.00,854692.00,1182633.00,798.00,812.00,"DU",
2018,7,3,20280,"SEB","Seaborne Virgin Islands, Inc.","06819","SEB","Seaborne Virgin Islands, Inc.",1,10193.00,0.00,1912033.00,2379185.00,419.00,425.00,"IU",
2018,7,3,20285,"WRD","Ward Air","06902","WRD","Ward Air",1,10.00,0.00,232.00,780.00,10.00,0.00,"DU",
2018,7,3,20304,"OO","SkyWest Airlines Inc.","06700","OO","SkyWest Airlines Inc.",3,3514053.00,0.00,1824917484.00,2188425226.00,69484.00,70206.00,"DU",
2018,7,3,20304,"OO","SkyWest Airlines Inc.","06700","OO","SkyWest Airlines Inc.",3,101273.00,0.00,76865352.00,86119862.00,1796.00,1805.00,"IU",
2018,7,3,20304,"OO","SkyWest Airlines Inc.","06700","OO","SkyWest Airlines Inc.",3,19724.00,0.00,23241320.00,26585104.00,310.00,312.00,"IU",
2018,7,3,20310,"WL","Caribbean Sun Airlines, Inc. d/b/a World Atlantic Airlines","16076","WL","Caribbean Sun Airlines, Inc. d/b/a World Atlantic Airlines",1,0.00,0.00,0.00,17688135.00,164.00,0.00,"DU",
2018,7,3,20310,"WL","Caribbean Sun Airlines, Inc. d/b/a World Atlantic Airlines","16076","WL","Caribbean Sun Airlines, Inc. d/b/a World Atlantic Airlines",1,0.00,19942.00,16404969.00,36196375.00,269.00,0.00,"IU",
2018,7,3,20319,"2E","Smokey Bay Air Inc.","06971","2E","Smokey Bay Air Inc.",1,1330.00,933.00,61587.00,139240.00,1328.00,0.00,"DU",
2018,7,3,20322,"Z3","Bidzy Ta Hot Aana, Inc. d/b/a Tanana Air Service","06969","Z3","Bidzy Ta Hot Aana, Inc. d/b/a Tanana Air Service",1,680.00,23.00,33352.00,107121.00,449.00,0.00,"DU",
2018,7,3,20323,"4W","Warbelow","06967","4W","Warbelow",1,527.00,3224.00,751376.00,1346733.00,957.00,0.00,"DU",
2018,7,3,20327,"7H","Era Aviation","06989","7H","Era Aviation",1,42089.00,1520.00,7382078.00,12171337.00,2022.00,0.00,"DU",
2018,7,3,20330,"7S","Ryan Air f/k/a Arctic Transportation","06995","7S","Ryan Air f/k/a Arctic Transportation",1,81.00,166.00,55164.00,253998.00,1396.00,0.00,"DU",
2018,7,3,20331,"8E","Bering Air Inc.","06992","8E","Bering Air Inc.",1,5323.00,923.00,764125.00,2042182.00,2607.00,0.00,"DU",
2018,7,3,20331,"8E","Bering Air Inc.","06992","8E","Bering Air Inc.",1,0.00,53.00,26447.00,113772.00,12.00,0.00,"IU",
2018,7,3,20333,"8V","Wright Air Service","38099","8V","Wright Air Service",1,3630.00,445.00,837976.00,1661243.00,1383.00,0.00,"DU",
2018,7,3,20336,"H6","Hageland Aviation Service","06984","H6","Hageland Aviation Service",1,17602.00,1008.00,2028100.00,5425962.00,8791.00,0.00,"DU",
2018,7,3,20337,"J5","Kalinin Aviation LLC d/b/a Alaska Seaplanes","38269","J5","Kalinin Aviation LLC d/b/a Alaska Seaplanes",1,10334.00,1109.00,793111.00,1757460.00,3593.00,0.00,"DU",
2018,7,3,20341,"KO","Alaska Central Express","06019","KO","Alaska Central Express",1,0.00,872.00,387918.00,792000.00,1303.00,0.00,"DU",
2018,7,3,20346,"V8","Iliamna Air Taxi","06983","V8","Iliamna Air Taxi",1,1508.00,468.00,411655.00,715137.00,627.00,0.00,"DU",
2018,7,3,20363,"9E","Endeavor Air Inc.","38084","9E","Endeavor Air Inc.",2,1175920.00,0.00,584605956.00,701751624.00,20884.00,21462.00,"DU",
2018,7,3,20363,"9E","Endeavor Air Inc.","38084","9E","Endeavor Air Inc.",2,104082.00,0.00,49350057.00,55698901.00,1650.00,1698.00,"IU",
2018,7,3,20363,"9E","Endeavor Air Inc.","38084","9E","Endeavor Air Inc.",2,2927.00,0.00,2500321.00,2854332.00,44.00,44.00,"IU",
2018,7,3,20366,"EV","ExpressJet Airlines Inc.","06085","EV","ExpressJet Airlines Inc.",3,733447.00,0.00,362538922.00,435240980.00,16384.00,16861.00,"DU",
2018,7,3,20366,"EV","ExpressJet Airlines Inc.","06085","EV","ExpressJet Airlines Inc.",3,56439.00,0.00,30929610.00,34098640.00,1225.00,1268.00,"IU",
2018,7,3,20366,"EV","ExpressJet Airlines Inc.","06085","EV","ExpressJet Airlines Inc.",3,34278.00,0.00,24060532.00,27800940.00,756.00,756.00,"IU",
2018,7,3,20378,"YV","Mesa Airlines Inc.","38029","YV","Mesa Airlines Inc.",2,1208816.00,0.00,668271524.00,783833697.00,19042.00,19300.00,"DU",
2018,7,3,20378,"YV","Mesa Airlines Inc.","38029","YV","Mesa Airlines Inc.",2,35558.00,0.00,24631530.00,26918110.00,542.00,542.00,"IU",
2018,7,3,20378,"YV","Mesa Airlines Inc.","38029","YV","Mesa Airlines Inc.",2,16287.00,0.00,9678590.00,12782542.00,320.00,336.00,"DU",
2018,7,3,20378,"YV","Mesa Airlines Inc.","38029","YV","Mesa Airlines Inc.",2,94772.00,0.00,67455774.00,78671116.00,1473.00,1474.00,"IU",
2018,7,3,20383,"K3","Venture Travel LLC d/b/a Taquan Air Service","06968","K3","Venture Travel LLC d/b/a Taquan Air Service",1,8668.00,651.00,142002.00,514744.00,2572.00,0.00,"DU",
2018,7,3,20397,"OH","PSA Airlines Inc.","07028","OH","PSA Airlines Inc.",2,1208045.00,0.00,462774124.00,596863546.00,23813.00,24443.00,"DU",
2018,7,3,20397,"OH","PSA Airlines Inc.","07028","OH","PSA Airlines Inc.",2,16189.00,0.00,9483252.00,10685600.00,240.00,244.00,"IU",
2018,7,3,20397,"OH","PSA Airlines Inc.","07028","OH","PSA Airlines Inc.",2,367.00,0.00,224237.00,312832.00,8.00,8.00,"IU",
2018,7,3,20398,"MQ","Envoy Air","06820","MQ","Envoy Air",3,1112775.00,308.00,539682732.00,671339319.00,25156.00,26223.00,"DU",
2018,7,3,20398,"MQ","Envoy Air","06820","MQ","Envoy Air",3,52402.00,0.00,40227184.00,45387392.00,1041.00,1132.00,"IU",
2018,7,3,20398,"MQ","Envoy Air","06820","MQ","Envoy Air",3,77494.00,0.00,41129455.00,49072790.00,1603.00,1615.00,"IU",
2018,7,3,20401,"3M","Silver Airways","06888","3M","Silver Airways",1,40132.00,0.00,9333284.00,13689459.00,1897.00,1935.00,"DU",
2018,7,3,20401,"3M","Silver Airways","06888","3M","Silver Airways",1,31298.00,0.00,6726754.00,8336418.00,1241.00,1258.00,"IU",
2018,7,3,20408,"5V","Tatonduk Outfitters Limited d/b/a Everts Air Alaska and Everts Air Cargo","06860","5V","Tatonduk Outfitters Limited d/b/a Everts Air Alaska and Everts Air Cargo",1,178.00,204.00,80899.00,294048.00,706.00,0.00,"DU",
2018,7,3,20408,"5V","Tatonduk Outfitters Limited d/b/a Everts Air Alaska and Everts Air Cargo","06860","5V","Tatonduk Outfitters Limited d/b/a Everts Air Alaska and Everts Air Cargo",1,0.00,0.00,0.00,0.00,2.00,0.00,"IU",
2018,7,3,20424,"YR","Grand Canyon Airlines, Inc. d/b/a Grand Canyon Airlines d/b/a Scenic Airlines","06942","YR","Grand Canyon Airlines, Inc. d/b/a Grand Canyon Airlines d/b/a Scenic Airlines",1,160.00,25789.00,1462162.00,1632984.00,2418.00,23.00,"DU",
2018,7,3,20426,"VI","Vieques Air Link Inc.","30890","VI","Vieques Air Link Inc.",1,6967.00,0.00,201913.00,437508.00,1532.00,1360.00,"DU",
2018,7,3,20427,"PT","Piedmont Airlines","06918","PT","Piedmont Airlines",1,297494.00,0.00,79895287.00,100942050.00,7544.00,8270.00,"DU",
2018,7,3,20427,"PT","Piedmont Airlines","06918","PT","Piedmont Airlines",1,29575.00,0.00,11573129.00,13403550.00,685.00,739.00,"IU",
2018,7,3,20443,"2O","Island Air Service","06981","2O","Island Air Service",1,1623.00,651.00,130313.00,318000.00,1101.00,0.00,"DU",
2018,7,3,20445,"C5","Commutair Aka Champlain Enterprises, Inc.","06944","C5","Commutair Aka Champlain Enterprises, Inc.",1,173549.00,0.00,55268850.00,64777350.00,4166.00,4524.00,"DU",
2018,7,3,20455,"GV","Grant Aviation","06985","GV","Grant Aviation",1,10868.00,260.00,906726.00,2306182.00,4346.00,0.00,"DU",
2018,7,3,20500,"G7","GoJet Airlines LLC d/b/a United Express","07041","G7","GoJet Airlines LLC d/b/a United Express",2,464205.00,0.00,251708749.00,291298026.00,7788.00,7845.00,"DU",
2018,7,3,20500,"G7","GoJet Airlines LLC d/b/a United Express","07041","G7","GoJet Airlines LLC d/b/a United Express",2,18180.00,0.00,15112331.00,17656066.00,295.00,297.00,"IU",
2018,7,3,21022,"Z3Q","PM Air, LLC","01100","Z3Q","PM Air, LLC",1,0.00,3668.00,256760.00,323400.00,462.00,0.00,"DU",
2018,8,3,19687,"QX","Horizon Air","37960","QX","Horizon Air",2,578864.00,0.00,212138508.00,260990140.00,9781.00,10056.00,"DU",
2018,8,3,19687,"QX","Horizon Air","37960","QX","Horizon Air",2,71280.00,0.00,17811281.00,20431384.00,1086.00,1114.00,"IU",
2018,8,3,20046,"ZW","Air Wisconsin Airlines Corp","30124","ZW","Air Wisconsin Airlines Corp",1,316360.00,0.00,121913109.00,151072400.00,7944.00,8109.00,"DU",
2018,8,3,20225,"KS","Peninsula Airways Inc.","37626","KS","Peninsula Airways Inc.",1,18500.00,0.00,8812021.00,13357919.00,741.00,0.00,"DU",
2018,8,3,20226,"SNK","Spernak Airways Inc.","38285","SNK","Spernak Airways Inc.",1,10.00,881.00,40606.00,115983.00,591.00,0.00,"DU",
2018,8,3,20237,"AX","Trans States Airlines","06904","AX","Trans States Airlines",1,294130.00,151.00,131860277.00,158682300.00,7214.00,7585.00,"DU",
2018,8,3,20237,"AX","Trans States Airlines","06904","AX","Trans States Airlines",1,22875.00,0.00,11000226.00,12551350.00,526.00,576.00,"IU",
2018,8,3,20253,"9K","Cape Air","07021","9K","Cape Air",1,54970.00,0.00,5751483.00,9272340.00,10276.00,20341.00,"DU",
2018,8,3,20253,"9K","Cape Air","07021","9K","Cape Air",1,1118.00,0.00,107328.00,213408.00,247.00,494.00,"IU",
2018,8,3,20257,"CH","Bemidji Airlines","06954","CH","Bemidji Airlines",1,0.00,0.00,0.00,1990.00,57.00,57.00,"DU",
2018,8,3,20261,"ELL","Ellis Air Taxi Inc.","38034","ELL","Ellis Air Taxi Inc.",1,94.00,0.00,9158.00,15478.00,36.00,36.00,"DU",
2018,8,3,20263,"EM","Empire Airlines Inc.","16300","EM","Empire Airlines Inc.",1,15648.00,315.00,1124786.00,2385216.00,2721.00,2022.00,"DU",
2018,8,3,20267,"GCH","Grand Canyon Helicopters","38025","GCH","Grand Canyon Helicopters",1,0.00,0.00,0.00,21948.00,0.00,42.00,"DU",
2018,8,3,20272,"KAH","Kenmore Air Harbor","38083","KAH","Kenmore Air Harbor",1,6303.00,504.00,355971.00,554865.00,1719.00,1501.00,"DU",
2018,8,3,20272,"KAH","Kenmore Air Harbor","38083","KAH","Kenmore Air Harbor",1,3363.00,336.00,302175.00,434294.00,598.00,468.00,"IU",
2018,8,3,20280,"SEB","Seaborne Virgin Islands, Inc.","06819","SEB","Seaborne Virgin Islands, Inc.",1,13699.00,0.00,897276.00,1208414.00,804.00,824.00,"DU",
2018,8,3,20280,"SEB","Seaborne Virgin Islands, Inc.","06819","SEB","Seaborne Virgin Islands, Inc.",1,9278.00,0.00,1822918.00,2355874.00,405.00,408.00,"IU",
2018,8,3,20285,"WRD","Ward Air","06902","WRD","Ward Air",1,4.00,0.00,102.00,1280.00,12.00,0.00,"DU",
2018,8,3,20304,"OO","SkyWest Airlines Inc.","06700","OO","SkyWest Airlines Inc.",3,3501900.00,0.00,1800771106.00,2203605692.00,70358.00,71540.00,"DU",
2018,8,3,20304,"OO","SkyWest Airlines Inc.","06700","OO","SkyWest Airlines Inc.",3,107111.00,0.00,79334902.00,87482273.00,1857.00,1884.00,"IU",
2018,8,3,20304,"OO","SkyWest Airlines Inc.","06700","OO","SkyWest Airlines Inc.",3,16906.00,0.00,19961164.00,25554696.00,300.00,303.00,"IU",
2018,8,3,20310,"WL","Caribbean Sun Airlines, Inc. d/b/a World Atlantic Airlines","16076","WL","Caribbean Sun Airlines, Inc. d/b/a World Atlantic Airlines",1,0.00,0.00,0.00,11557730.00,114.00,0.00,"DU",
2018,8,3,20310,"WL","Caribbean Sun Airlines, Inc. d/b/a World Atlantic Airlines","16076","WL","Caribbean Sun Airlines, Inc. d/b/a World Atlantic Airlines",1,0.00,10164.00,11580791.00,28732195.00,177.00,0.00,"IU",
2018,8,3,20319,"2E","Smokey Bay Air Inc.","06971","2E","Smokey Bay Air Inc.",1,1312.00,870.00,58958.00,139490.00,1308.00,0.00,"DU",
2018,8,3,20322,"Z3","Bidzy Ta Hot Aana, Inc. d/b/a Tanana Air Service","06969","Z3","Bidzy Ta Hot Aana, Inc. d/b/a Tanana Air Service",1,694.00,20.00,36763.00,146742.00,550.00,0.00,"DU",
2018,8,3,20323,"4W","Warbelow","06967","4W","Warbelow",1,613.00,2806.00,657898.00,1265967.00,914.00,0.00,"DU",
2018,8,3,20327,"7H","Era Aviation","06989","7H","Era Aviation",1,43942.00,1199.00,8381340.00,13331520.00,2101.00,0.00,"DU",
2018,8,3,20330,"7S","Ryan Air f/k/a Arctic Transportation","06995","7S","Ryan Air f/k/a Arctic Transportation",1,78.00,292.00,75239.00,265120.00,1557.00,0.00,"DU",
2018,8,3,20331,"8E","Bering Air Inc.","06992","8E","Bering Air Inc.",1,6840.00,1718.00,1074117.00,2704360.00,3240.00,0.00,"DU",
2018,8,3,20331,"8E","Bering Air Inc.","06992","8E","Bering Air Inc.",1,0.00,70.00,34930.00,75848.00,8.00,0.00,"IU",
2018,8,3,20333,"8V","Wright Air Service","38099","8V","Wright Air Service",1,5546.00,636.00,1269577.00,2249895.00,2113.00,0.00,"DU",
2018,8,3,20336,"H6","Hageland Aviation Service","06984","H6","Hageland Aviation Service",1,24754.00,1882.00,2335463.00,5895529.00,8942.00,0.00,"DU",
2018,8,3,20337,"J5","Kalinin Aviation LLC d/b/a Alaska Seaplanes","38269","J5","Kalinin Aviation LLC d/b/a Alaska Seaplanes",1,9134.00,971.00,692207.00,1554581.00,3072.00,0.00,"DU",
2018,8,3,20341,"KO","Alaska Central Express","06019","KO","Alaska Central Express",1,0.00,848.00,357052.00,902448.00,1305.00,0.00,"DU",
2018,8,3,20346,"V8","Iliamna Air Taxi","06983","V8","Iliamna Air Taxi",1,1383.00,419.00,407821.00,672412.00,587.00,0.00,"DU",
2018,8,3,20363,"9E","Endeavor Air Inc.","38084","9E","Endeavor Air Inc.",2,1211039.00,0.00,594725865.00,727331359.00,21766.00,22821.00,"DU",
2018,8,3,20363,"9E","Endeavor Air Inc.","38084","9E","Endeavor Air Inc.",2,101883.00,0.00,51186848.00,56020373.00,1585.00,1665.00,"IU",
2018,8,3,20363,"9E","Endeavor Air Inc.","38084","9E","Endeavor Air Inc.",2,2187.00,0.00,1840152.00,2155056.00,34.00,34.00,"IU",
2018,8,3,20366,"EV","ExpressJet Airlines Inc.","06085","EV","ExpressJet Airlines Inc.",3,728521.00,0.00,359076122.00,447240969.00,17011.00,17660.00,"DU",
2018,8,3,20366,"EV","ExpressJet Airlines Inc.","06085","EV","ExpressJet Airlines Inc.",3,49834.00,0.00,26143613.00,28856185.00,1098.00,1168.00,"IU",
2018,8,3,20366,"EV","ExpressJet Airlines Inc.","06085","EV","ExpressJet Airlines Inc.",3,27594.00,0.00,19317884.00,24007720.00,668.00,669.00,"IU",
2018,8,3,20378,"YV","Mesa Airlines Inc.","38029","YV","Mesa Airlines Inc.",2,1192248.00,0.00,658921867.00,804624778.00,19544.00,19875.00,"DU",
2018,8,3,20378,"YV","Mesa Airlines Inc.","38029","YV","Mesa Airlines Inc.",2,36907.00,0.00,25529656.00,27305710.00,550.00,550.00,"IU",
2018,8,3,20378,"YV","Mesa Airlines Inc.","38029","YV","Mesa Airlines Inc.",2,85108.00,0.00,60881890.00,79263222.00,1488.00,1491.00,"IU",
2018,8,3,20383,"K3","Venture Travel LLC d/b/a Taquan Air Service","06968","K3","Venture Travel LLC d/b/a Taquan Air Service",1,9347.00,1192.00,256392.00,454076.00,2315.00,0.00,"DU",
2018,8,3,20397,"OH","PSA Airlines Inc.","07028","OH","PSA Airlines Inc.",2,1199559.00,0.00,464387757.00,605553128.00,23891.00,24447.00,"DU",
2018,8,3,20397,"OH","PSA Airlines Inc.","07028","OH","PSA Airlines Inc.",2,17188.00,0.00,10061372.00,10989448.00,247.00,248.00,"IU",
2018,8,3,20397,"OH","PSA Airlines Inc.","07028","OH","PSA Airlines Inc.",2,294.00,0.00,179634.00,235846.00,6.00,6.00,"IU",
2018,8,3,20398,"MQ","Envoy Air","06820","MQ","Envoy Air",3,1103201.00,132.00,520758203.00,661656561.00,25330.00,26527.00,"DU",
2018,8,3,20398,"MQ","Envoy Air","06820","MQ","Envoy Air",3,51427.00,0.00,40250387.00,45605296.00,1009.00,1135.00,"IU",
2018,8,3,20398,"MQ","Envoy Air","06820","MQ","Envoy Air",3,69351.00,0.00,37186372.00,47855100.00,1495.00,1501.00,"IU",
2018,8,3,20401,"3M","Silver Airways","06888","3M","Silver Airways",1,36348.00,0.00,8527987.00,12423298.00,1705.00,1715.00,"DU",
2018,8,3,20401,"3M","Silver Airways","06888","3M","Silver Airways",1,20822.00,0.00,4267535.00,5796611.00,896.00,909.00,"IU",
2018,8,3,20408,"5V","Tatonduk Outfitters Limited d/b/a Everts Air Alaska and Everts Air Cargo","06860","5V","Tatonduk Outfitters Limited d/b/a Everts Air Alaska and Everts Air Cargo",1,235.00,248.00,108191.00,347796.00,652.00,0.00,"DU",
2018,8,3,20408,"5V","Tatonduk Outfitters Limited d/b/a Everts Air Alaska and Everts Air Cargo","06860","5V","Tatonduk Outfitters Limited d/b/a Everts Air Alaska and Everts Air Cargo",1,0.00,0.00,0.00,0.00,15.00,0.00,"IU",
2018,8,3,20424,"YR","Grand Canyon Airlines, Inc. d/b/a Grand Canyon Airlines d/b/a Scenic Airlines","06942","YR","Grand Canyon Airlines, Inc. d/b/a Grand Canyon Airlines d/b/a Scenic Airlines",1,143.00,25818.00,1436228.00,1611493.00,2535.00,24.00,"DU",
2018,8,3,20426,"VI","Vieques Air Link Inc.","30890","VI","Vieques Air Link Inc.",1,6173.00,0.00,170059.00,318465.00,1235.00,1360.00,"DU",
2018,8,3,20427,"PT","Piedmont Airlines","06918","PT","Piedmont Airlines",1,315029.00,0.00,82764416.00,103762900.00,7936.00,8507.00,"DU",
2018,8,3,20427,"PT","Piedmont Airlines","06918","PT","Piedmont Airlines",1,33165.00,0.00,12914308.00,14282200.00,732.00,782.00,"IU",
2018,8,3,20443,"2O","Island Air Service","06981","2O","Island Air Service",1,1717.00,902.00,143809.00,404741.00,1382.00,0.00,"DU",
2018,8,3,20445,"C5","Commutair Aka Champlain Enterprises, Inc.","06944","C5","Commutair Aka Champlain Enterprises, Inc.",1,179377.00,0.00,58665250.00,69714150.00,4360.00,4705.00,"DU",
2018,8,3,20455,"GV","Grant Aviation","06985","GV","Grant Aviation",1,9480.00,223.00,760762.00,2115456.00,4001.00,0.00,"DU",
2018,8,3,20500,"G7","GoJet Airlines LLC d/b/a United Express","07041","G7","GoJet Airlines LLC d/b/a United Express",2,468336.00,0.00,250943678.00,296277786.00,8028.00,8160.00,"DU",
2018,8,3,20500,"G7","GoJet Airlines LLC d/b/a United Express","07041","G7","GoJet Airlines LLC d/b/a United Express",2,24049.00,0.00,16629683.00,18716816.00,377.00,381.00,"IU",
2018,8,3,21022,"Z3Q","PM Air, LLC","01100","Z3Q","PM Air, LLC",1,0.00,2157.00,150990.00,186200.00,266.00,0.00,"DU",
2018,9,3,19687,"QX","Horizon Air","37960","QX","Horizon Air",2,512002.00,0.00,194990709.00,246340396.00,8757.00,8912.00,"DU",
2018,9,3,19687,"QX","Horizon Air","37960","QX","Horizon Air",2,59898.00,0.00,14756643.00,18863428.00,1005.00,1024.00,"IU",
2018,9,3,20046,"ZW","Air Wisconsin Airlines Corp","30124","ZW","Air Wisconsin Airlines Corp",1,298433.00,0.00,115922442.00,150555200.00,7805.00,8042.00,"DU",
2018,9,3,20225,"KS","Peninsula Airways Inc.","37626","KS","Peninsula Airways Inc.",1,15051.00,0.00,7468497.00,11352761.00,629.00,0.00,"DU",
2018,9,3,20226,"SNK","Spernak Airways Inc.","38285","SNK","Spernak Airways Inc.",1,12.00,705.00,31533.00,72753.00,489.00,0.00,"DU",
2018,9,3,20237,"AX","Trans States Airlines","06904","AX","Trans States Airlines",1,253106.00,452.00,113857889.00,137890250.00,6217.00,6356.00,"DU",
2018,9,3,20237,"AX","Trans States Airlines","06904","AX","Trans States Airlines",1,19461.00,0.00,9402820.00,11348550.00,477.00,490.00,"IU",
2018,9,3,20253,"9K","Cape Air","07021","9K","Cape Air",1,45225.00,0.00,4921407.00,8520147.00,9186.00,18207.00,"DU",
2018,9,3,20253,"9K","Cape Air","07021","9K","Cape Air",1,760.00,0.00,72960.00,178848.00,207.00,414.00,"IU",
2018,9,3,20257,"CH","Bemidji Airlines","06954","CH","Bemidji Airlines",1,0.00,0.00,0.00,1791.00,51.00,51.00,"DU",
2018,9,3,20261,"ELL","Ellis Air Taxi Inc.","38034","ELL","Ellis Air Taxi Inc.",1,44.00,0.00,4408.00,11016.00,32.00,32.00,"DU",
2018,9,3,20263,"EM","Empire Airlines Inc.","16300","EM","Empire Airlines Inc.",1,15379.00,658.00,1117378.00,2273856.00,2477.00,2527.00,"DU",
2018,9,3,20267,"GCH","Grand Canyon Helicopters","38025","GCH","Grand Canyon Helicopters",1,0.00,0.00,0.00,11328.00,32.00,32.00,"DU",
2018,9,3,20272,"KAH","Kenmore Air Harbor","38083","KAH","Kenmore Air Harbor",1,4599.00,431.00,209581.00,392569.00,1501.00,1360.00,"DU",
2018,9,3,20272,"KAH","Kenmore Air Harbor","38083","KAH","Kenmore Air Harbor",1,2960.00,142.00,254488.00,395739.00,545.00,475.00,"IU",
2018,9,3,20280,"SEB","Seaborne Virgin Islands, Inc.","06819","SEB","Seaborne Virgin Islands, Inc.",1,9005.00,0.00,578685.00,967710.00,649.00,708.00,"DU",
2018,9,3,20280,"SEB","Seaborne Virgin Islands, Inc.","06819","SEB","Seaborne Virgin Islands, Inc.",1,4283.00,0.00,915473.00,1986886.00,337.00,349.00,"IU",
2018,9,3,20285,"WRD","Ward Air","06902","WRD","Ward Air",1,2.00,0.00,120.00,724.00,10.00,0.00,"DU",
2018,9,3,20304,"OO","SkyWest Airlines Inc.","06700","OO","SkyWest Airlines Inc.",3,3043854.00,0.00,1562180728.00,1969942471.00,62820.00,63457.00,"DU",
2018,9,3,20304,"OO","SkyWest Airlines Inc.","06700","OO","SkyWest Airlines Inc.",3,110319.00,0.00,81231979.00,92241828.00,1931.00,1950.00,"IU",
2018,9,3,20304,"OO","SkyWest Airlines Inc.","06700","OO","SkyWest Airlines Inc.",3,14265.00,0.00,16609117.00,24061524.00,284.00,284.00,"IU",
2018,9,3,20310,"WL","Caribbean Sun Airlines, Inc. d/b/a World Atlantic Airlines","16076","WL","Caribbean Sun Airlines, Inc. d/b/a World Atlantic Airlines",1,0.00,229.00,241521.00,12156185.00,109.00,0.00,"DU",
2018,9,3,20310,"WL","Caribbean Sun Airlines, Inc. d/b/a World Atlantic Airlines","16076","WL","Caribbean Sun Airlines, Inc. d/b/a World Atlantic Airlines",1,0.00,7511.00,9363335.00,24439005.00,147.00,0.00,"IU",
2018,9,3,20319,"2E","Smokey Bay Air Inc.","06971","2E","Smokey Bay Air Inc.",1,1291.00,485.00,43352.00,89475.00,1030.00,0.00,"DU",
2018,9,3,20322,"Z3","Bidzy Ta Hot Aana, Inc. d/b/a Tanana Air Service","06969","Z3","Bidzy Ta Hot Aana, Inc. d/b/a Tanana Air Service",1,529.00,10.00,29606.00,120660.00,448.00,0.00,"DU",
2018,9,3,20323,"4W","Warbelow","06967","4W","Warbelow",1,482.00,2297.00,571017.00,1180485.00,804.00,0.00,"DU",
2018,9,3,20327,"7H","Era Aviation","06989","7H","Era Aviation",1,33865.00,889.00,6761242.00,12033199.00,1871.00,0.00,"DU",
2018,9,3,20330,"7S","Ryan Air f/k/a Arctic Transportation","06995","7S","Ryan Air f/k/a Arctic Transportation",1,130.00,159.00,42142.00,274086.00,1490.00,0.00,"DU",
2018,9,3,20331,"8E","Bering Air Inc.","06992","8E","Bering Air Inc.",1,6521.00,2302.00,1053677.00,2464284.00,3023.00,0.00,"DU",
2018,9,3,20331,"8E","Bering Air Inc.","06992","8E","Bering Air Inc.",1,0.00,16.00,7984.00,18962.00,2.00,0.00,"IU",
2018,9,3,20333,"8V","Wright Air Service","38099","8V","Wright Air Service",1,4094.00,408.00,919038.00,1583809.00,1638.00,0.00,"DU",
2018,9,3,20336,"H6","Hageland Aviation Service","06984","H6","Hageland Aviation Service",1,16865.00,1536.00,2072960.00,5241690.00,8230.00,0.00,"DU",
2018,9,3,20337,"J5","Kalinin Aviation LLC d/b/a Alaska Seaplanes","38269","J5","Kalinin Aviation LLC d/b/a Alaska Seaplanes",1,6371.00,483.00,491819.00,1074496.00,2047.00,0.00,"DU",
2018,9,3,20337,"J5","Kalinin Aviation LLC d/b/a Alaska Seaplanes","38269","J5","Kalinin Aviation LLC d/b/a Alaska Seaplanes",1,0.00,0.00,0.00,1611.00,1.00,0.00,"IU",
2018,9,3,20341,"KO","Alaska Central Express","06019","KO","Alaska Central Express",1,0.00,665.00,287405.00,573872.00,1099.00,0.00,"DU",
2018,9,3,20342,"Q5","40-Mile Air","06999","Q5","40-Mile Air",1,65.00,11.00,6718.00,17856.00,58.00,0.00,"DU",
2018,9,3,20346,"V8","Iliamna Air Taxi","06983","V8","Iliamna Air Taxi",1,1036.00,386.00,304839.00,558238.00,554.00,0.00,"DU",
2018,9,3,20363,"9E","Endeavor Air Inc.","38084","9E","Endeavor Air Inc.",2,1017817.00,0.00,519982565.00,683505110.00,19580.00,19676.00,"DU",
2018,9,3,20363,"9E","Endeavor Air Inc.","38084","9E","Endeavor Air Inc.",2,65918.00,0.00,26285735.00,30531063.00,1076.00,1082.00,"IU",
2018,9,3,20363,"9E","Endeavor Air Inc.","38084","9E","Endeavor Air Inc.",2,1633.00,0.00,1414178.00,1842848.00,28.00,28.00,"IU",
2018,9,3,20366,"EV","ExpressJet Airlines Inc.","06085","EV","ExpressJet Airlines Inc.",3,613317.00,0.00,297951112.00,392311748.00,15391.00,15694.00,"DU",
2018,9,3,20366,"EV","ExpressJet Airlines Inc.","06085","EV","ExpressJet Airlines Inc.",3,49773.00,0.00,30253318.00,33966030.00,1090.00,1113.00,"IU",
2018,9,3,20366,"EV","ExpressJet Airlines Inc.","06085","EV","ExpressJet Airlines Inc.",3,21092.00,0.00,14591374.00,19491500.00,562.00,565.00,"IU",
2018,9,3,20378,"YV","Mesa Airlines Inc.","38029","YV","Mesa Airlines Inc.",2,1079828.00,0.00,587208118.00,741943266.00,18310.00,18785.00,"DU",
2018,9,3,20378,"YV","Mesa Airlines Inc.","38029","YV","Mesa Airlines Inc.",2,35061.00,0.00,23676026.00,27744112.00,576.00,576.00,"IU",
2018,9,3,20378,"YV","Mesa Airlines Inc.","38029","YV","Mesa Airlines Inc.",2,71017.00,0.00,49358007.00,73265441.00,1405.00,1415.00,"IU",
2018,9,3,20383,"K3","Venture Travel LLC d/b/a Taquan Air Service","06968","K3","Venture Travel LLC d/b/a Taquan Air Service",1,6979.00,455.00,146325.00,315198.00,1771.00,0.00,"DU",
2018,9,3,20397,"OH","PSA Airlines Inc.","07028","OH","PSA Airlines Inc.",2,972626.00,0.00,383417444.00,562112751.00,21770.00,22994.00,"DU",
2018,9,3,20397,"OH","PSA Airlines Inc.","07028","OH","PSA Airlines Inc.",2,14117.00,0.00,8300796.00,10278240.00,230.00,238.00,"IU",
2018,9,3,20398,"MQ","Envoy Air","06820","MQ","Envoy Air",3,1000842.00,0.00,448182923.00,598250700.00,24045.00,24927.00,"DU",
2018,9,3,20398,"MQ","Envoy Air","06820","MQ","Envoy Air",3,43277.00,0.00,32001693.00,38493768.00,967.00,997.00,"IU",
2018,9,3,20398,"MQ","Envoy Air","06820","MQ","Envoy Air",3,52805.00,0.00,30373182.00,43176112.00,1242.00,1253.00,"IU",
2018,9,3,20401,"3M","Silver Airways","06888","3M","Silver Airways",1,32407.00,120.00,7633979.00,11569603.00,1548.00,1549.00,"DU",
2018,9,3,20401,"3M","Silver Airways","06888","3M","Silver Airways",1,10319.00,0.00,1856198.00,3390038.00,574.00,574.00,"IU",
2018,9,3,20408,"5V","Tatonduk Outfitters Limited d/b/a Everts Air Alaska and Everts Air Cargo","06860","5V","Tatonduk Outfitters Limited d/b/a Everts Air Alaska and Everts Air Cargo",1,148.00,222.00,91866.00,331272.00,551.00,0.00,"DU",
2018,9,3,20408,"5V","Tatonduk Outfitters Limited d/b/a Everts Air Alaska and Everts Air Cargo","06860","5V","Tatonduk Outfitters Limited d/b/a Everts Air Alaska and Everts Air Cargo",1,0.00,0.00,0.00,0.00,25.00,0.00,"IU",
2018,9,3,20424,"YR","Grand Canyon Airlines, Inc. d/b/a Grand Canyon Airlines d/b/a Scenic Airlines","06942","YR","Grand Canyon Airlines, Inc. d/b/a Grand Canyon Airlines d/b/a Scenic Airlines",1,111.00,24742.00,1375107.00,1542747.00,2419.00,0.00,"DU",
2018,9,3,20426,"VI","Vieques Air Link Inc.","30890","VI","Vieques Air Link Inc.",1,4830.00,0.00,123333.00,282222.00,1123.00,1282.00,"DU",
2018,9,3,20427,"PT","Piedmont Airlines","06918","PT","Piedmont Airlines",1,279824.00,0.00,70279646.00,95892350.00,7605.00,8224.00,"DU",
2018,9,3,20427,"PT","Piedmont Airlines","06918","PT","Piedmont Airlines",1,29656.00,0.00,11583784.00,13883800.00,712.00,748.00,"IU",
2018,9,3,20443,"2O","Island Air Service","06981","2O","Island Air Service",1,1531.00,734.00,116239.00,340250.00,1232.00,0.00,"DU",
2018,9,3,20445,"C5","Commutair Aka Champlain Enterprises, Inc.","06944","C5","Commutair Aka Champlain Enterprises, Inc.",1,170556.00,0.00,59108920.00,73976750.00,4346.00,4467.00,"DU",
2018,9,3,20445,"C5","Commutair Aka Champlain Enterprises, Inc.","06944","C5","Commutair Aka Champlain Enterprises, Inc.",1,93.00,0.00,45477.00,48900.00,2.00,2.00,"IU",
2018,9,3,20455,"GV","Grant Aviation","06985","GV","Grant Aviation",1,8359.00,309.00,700163.00,1994601.00,3803.00,0.00,"DU",
2018,9,3,20500,"G7","GoJet Airlines LLC d/b/a United Express","07041","G7","GoJet Airlines LLC d/b/a United Express",2,396335.00,0.00,213013356.00,264456208.00,7133.00,7190.00,"DU",
2018,9,3,20500,"G7","GoJet Airlines LLC d/b/a United Express","07041","G7","GoJet Airlines LLC d/b/a United Express",2,22690.00,0.00,14614246.00,16838040.00,356.00,356.00,"IU",
2018,9,3,21022,"Z3Q","PM Air, LLC","01100","Z3Q","PM Air, LLC",1,0.00,1153.00,82390.00,105000.00,150.00,0.00,"DU",
2018,10,4,19687,"QX","Horizon Air","37960","QX","Horizon Air",2,528439.00,0.00,197223920.00,245747064.00,8903.00,9162.00,"DU",
2018,10,4,19687,"QX","Horizon Air","37960","QX","Horizon Air",2,59881.00,0.00,14706874.00,18534804.00,986.00,1031.00,"IU",
2018,10,4,20046,"ZW","Air Wisconsin Airlines Corp","30124","ZW","Air Wisconsin Airlines Corp",1,345781.00,0.00,130029885.00,161273750.00,8661.00,8692.00,"DU",
2018,10,4,20225,"KS","Peninsula Airways Inc.","37626","KS","Peninsula Airways Inc.",1,10570.00,0.00,6110227.00,9907858.00,500.00,0.00,"DU",
2018,10,4,20237,"AX","Trans States Airlines","06904","AX","Trans States Airlines",1,253829.00,925.00,119957904.00,144697850.00,6187.00,6220.00,"DU",
2018,10,4,20237,"AX","Trans States Airlines","06904","AX","Trans States Airlines",1,12157.00,0.00,5628162.00,6493450.00,283.00,293.00,"IU",
2018,10,4,20253,"9K","Cape Air","07021","9K","Cape Air",1,39365.00,0.00,4482982.00,7823466.00,8010.00,15855.00,"DU",
2018,10,4,20253,"9K","Cape Air","07021","9K","Cape Air",1,1206.00,0.00,115240.00,211338.00,246.00,492.00,"IU",
2018,10,4,20257,"CH","Bemidji Airlines","06954","CH","Bemidji Airlines",1,0.00,0.00,0.00,1791.00,55.00,55.00,"DU",
2018,10,4,20261,"ELL","Ellis Air Taxi Inc.","38034","ELL","Ellis Air Taxi Inc.",1,8.00,0.00,826.00,11016.00,36.00,36.00,"DU",
2018,10,4,20267,"GCH","Grand Canyon Helicopters","38025","GCH","Grand Canyon Helicopters",1,0.00,0.00,0.00,15576.00,44.00,2170.00,"DU",
2018,10,4,20272,"KAH","Kenmore Air Harbor","38083","KAH","Kenmore Air Harbor",1,3084.00,155.00,141370.00,249381.00,1003.00,946.00,"DU",
2018,10,4,20272,"KAH","Kenmore Air Harbor","38083","KAH","Kenmore Air Harbor",1,1770.00,14.00,147869.00,289194.00,398.00,376.00,"IU",
2018,10,4,20280,"SEB","Seaborne Virgin Islands, Inc.","06819","SEB","Seaborne Virgin Islands, Inc.",1,10541.00,0.00,671994.00,1007505.00,708.00,740.00,"DU",
2018,10,4,20280,"SEB","Seaborne Virgin Islands, Inc.","06819","SEB","Seaborne Virgin Islands, Inc.",1,5140.00,0.00,958643.00,1932104.00,328.00,336.00,"IU",
2018,10,4,20304,"OO","SkyWest Airlines Inc.","06700","OO","SkyWest Airlines Inc.",3,3320198.00,0.00,1705730216.00,2100830252.00,66866.00,67274.00,"DU",
2018,10,4,20304,"OO","SkyWest Airlines Inc.","06700","OO","SkyWest Airlines Inc.",3,114259.00,0.00,88508689.00,99329080.00,1981.00,1993.00,"IU",
2018,10,4,20304,"OO","SkyWest Airlines Inc.","06700","OO","SkyWest Airlines Inc.",3,11048.00,0.00,11335184.00,15626816.00,203.00,203.00,"IU",
2018,10,4,20310,"WL","Caribbean Sun Airlines, Inc. d/b/a World Atlantic Airlines","16076","WL","Caribbean Sun Airlines, Inc. d/b/a World Atlantic Airlines",1,0.00,442.00,379236.00,14910690.00,136.00,0.00,"DU",
2018,10,4,20310,"WL","Caribbean Sun Airlines, Inc. d/b/a World Atlantic Airlines","16076","WL","Caribbean Sun Airlines, Inc. d/b/a World Atlantic Airlines",1,0.00,3919.00,5329840.00,26466405.00,150.00,0.00,"IU",
2018,10,4,20319,"2E","Smokey Bay Air Inc.","06971","2E","Smokey Bay Air Inc.",1,1269.00,432.00,35209.00,81395.00,995.00,0.00,"DU",
2018,10,4,20322,"Z3","Bidzy Ta Hot Aana, Inc. d/b/a Tanana Air Service","06969","Z3","Bidzy Ta Hot Aana, Inc. d/b/a Tanana Air Service",1,567.00,45.00,34974.00,134457.00,478.00,0.00,"DU",
2018,10,4,20323,"4W","Warbelow","06967","4W","Warbelow",1,381.00,737.00,191902.00,544752.00,476.00,0.00,"DU",
2018,10,4,20327,"7H","Era Aviation","06989","7H","Era Aviation",1,31599.00,1121.00,6824045.00,11984168.00,1830.00,0.00,"DU",
2018,10,4,20330,"7S","Ryan Air f/k/a Arctic Transportation","06995","7S","Ryan Air f/k/a Arctic Transportation",1,131.00,118.00,45074.00,234757.00,1438.00,0.00,"DU",
2018,10,4,20331,"8E","Bering Air Inc.","06992","8E","Bering Air Inc.",1,8512.00,2281.00,1293459.00,2712353.00,3354.00,0.00,"DU",
2018,10,4,20333,"8V","Wright Air Service","38099","8V","Wright Air Service",1,3839.00,172.00,837515.00,1486990.00,1179.00,0.00,"DU",
2018,10,4,20336,"H6","Hageland Aviation Service","06984","H6","Hageland Aviation Service",1,19471.00,1768.00,2264080.00,5594784.00,9197.00,0.00,"DU",
2018,10,4,20337,"J5","Kalinin Aviation LLC d/b/a Alaska Seaplanes","38269","J5","Kalinin Aviation LLC d/b/a Alaska Seaplanes",1,4022.00,97.00,294788.00,734572.00,1333.00,0.00,"DU",
2018,10,4,20341,"KO","Alaska Central Express","06019","KO","Alaska Central Express",1,0.00,196.00,151636.00,303632.00,1200.00,0.00,"DU",
2018,10,4,20342,"Q5","40-Mile Air","06999","Q5","40-Mile Air",1,66.00,5.00,5434.00,20256.00,66.00,0.00,"DU",
2018,10,4,20346,"V8","Iliamna Air Taxi","06983","V8","Iliamna Air Taxi",1,786.00,425.00,257485.00,454657.00,499.00,0.00,"DU",
2018,10,4,20363,"9E","Endeavor Air Inc.","38084","9E","Endeavor Air Inc.",2,1143481.00,0.00,590063430.00,736056071.00,20918.00,20943.00,"DU",
2018,10,4,20363,"9E","Endeavor Air Inc.","38084","9E","Endeavor Air Inc.",2,69044.00,0.00,28605591.00,32355557.00,1105.00,1105.00,"IU",
2018,10,4,20363,"9E","Endeavor Air Inc.","38084","9E","Endeavor Air Inc.",2,2472.00,0.00,2140752.00,2764272.00,42.00,42.00,"IU",
2018,10,4,20366,"EV","ExpressJet Airlines Inc.","06085","EV","ExpressJet Airlines Inc.",3,631180.00,0.00,295269934.00,373153172.00,15234.00,15578.00,"DU",
2018,10,4,20366,"EV","ExpressJet Airlines Inc.","06085","EV","ExpressJet Airlines Inc.",3,53246.00,0.00,32042894.00,35057365.00,1133.00,1145.00,"IU",
2018,10,4,20366,"EV","ExpressJet Airlines Inc.","06085","EV","ExpressJet Airlines Inc.",3,22961.00,0.00,15960012.00,20595094.00,590.00,594.00,"IU",
2018,10,4,20378,"YV","Mesa Airlines Inc.","38029","YV","Mesa Airlines Inc.",2,1160306.00,0.00,653488409.00,793176467.00,18803.00,19247.00,"DU",
2018,10,4,20378,"YV","Mesa Airlines Inc.","38029","YV","Mesa Airlines Inc.",2,58794.00,0.00,21452933.00,23734030.00,550.00,550.00,"IU",
2018,10,4,20378,"YV","Mesa Airlines Inc.","38029","YV","Mesa Airlines Inc.",2,56485.00,0.00,55572749.00,78518348.00,1483.00,1497.00,"IU",
2018,10,4,20383,"K3","Venture Travel LLC d/b/a Taquan Air Service","06968","K3","Venture Travel LLC d/b/a Taquan Air Service",1,427.00,39.00,16976.00,119024.00,439.00,0.00,"DU",
2018,10,4,20397,"OH","PSA Airlines Inc.","07028","OH","PSA Airlines Inc.",2,1174896.00,0.00,464069471.00,608932297.00,23579.00,24017.00,"DU",
2018,10,4,20397,"OH","PSA Airlines Inc.","07028","OH","PSA Airlines Inc.",2,15267.00,0.00,8976996.00,10144176.00,227.00,230.00,"IU",
2018,10,4,20397,"OH","PSA Airlines Inc.","07028","OH","PSA Airlines Inc.",2,772.00,0.00,471692.00,643994.00,16.00,16.00,"IU",
2018,10,4,20398,"MQ","Envoy Air","06820","MQ","Envoy Air",3,1104335.00,212.00,484913496.00,628117934.00,25812.00,26336.00,"DU",
2018,10,4,20398,"MQ","Envoy Air","06820","MQ","Envoy Air",3,46389.00,0.00,33263476.00,39761396.00,1017.00,1026.00,"IU",
2018,10,4,20398,"MQ","Envoy Air","06820","MQ","Envoy Air",3,47179.00,0.00,30309781.00,42936870.00,1076.00,1082.00,"IU",
2018,10,4,20401,"3M","Silver Airways","06888","3M","Silver Airways",1,36589.00,300.00,9208500.00,12922442.00,1673.00,1684.00,"DU",
2018,10,4,20401,"3M","Silver Airways","06888","3M","Silver Airways",1,11803.00,0.00,2162505.00,3270879.00,560.00,560.00,"IU",
2018,10,4,20408,"5V","Tatonduk Outfitters Limited d/b/a Everts Air Alaska and Everts Air Cargo","06860","5V","Tatonduk Outfitters Limited d/b/a Everts Air Alaska and Everts Air Cargo",1,182.00,216.00,98683.00,326277.00,551.00,0.00,"DU",
2018,10,4,20408,"5V","Tatonduk Outfitters Limited d/b/a Everts Air Alaska and Everts Air Cargo","06860","5V","Tatonduk Outfitters Limited d/b/a Everts Air Alaska and Everts Air Cargo",1,0.00,0.00,0.00,0.00,26.00,0.00,"IU",
2018,10,4,20424,"YR","Grand Canyon Airlines, Inc. d/b/a Grand Canyon Airlines d/b/a Scenic Airlines","06942","YR","Grand Canyon Airlines, Inc. d/b/a Grand Canyon Airlines d/b/a Scenic Airlines",1,75.00,18868.00,1003693.00,1143805.00,1798.00,12.00,"DU",
2018,10,4,20426,"VI","Vieques Air Link Inc.","30890","VI","Vieques Air Link Inc.",1,4981.00,0.00,132331.00,291195.00,1262.00,1147.00,"DU",
2018,10,4,20427,"PT","Piedmont Airlines","06918","PT","Piedmont Airlines",1,344343.00,0.00,86215966.00,110786150.00,8848.00,9158.00,"DU",
2018,10,4,20427,"PT","Piedmont Airlines","06918","PT","Piedmont Airlines",1,33059.00,0.00,12876392.00,14924150.00,764.00,789.00,"IU",
2018,10,4,20443,"2O","Island Air Service","06981","2O","Island Air Service",1,1093.00,548.00,74268.00,247938.00,1012.00,0.00,"DU",
2018,10,4,20445,"C5","Commutair Aka Champlain Enterprises, Inc.","06944","C5","Commutair Aka Champlain Enterprises, Inc.",1,176027.00,0.00,63488014.00,77499850.00,4312.00,4382.00,"DU",
2018,10,4,20445,"C5","Commutair Aka Champlain Enterprises, Inc.","06944","C5","Commutair Aka Champlain Enterprises, Inc.",1,11675.00,0.00,5339039.00,5954850.00,261.00,261.00,"IU",
2018,10,4,20455,"GV","Grant Aviation","06985","GV","Grant Aviation",1,10628.00,594.00,902407.00,2406064.00,4578.00,0.00,"DU",
2018,10,4,20500,"G7","GoJet Airlines LLC d/b/a United Express","07041","G7","GoJet Airlines LLC d/b/a United Express",2,425261.00,0.00,223375630.00,271129530.00,7483.00,7495.00,"DU",
2018,10,4,20500,"G7","GoJet Airlines LLC d/b/a United Express","07041","G7","GoJet Airlines LLC d/b/a United Express",2,24854.00,0.00,14620878.00,16784476.00,382.00,384.00,"IU",
2018,10,4,21022,"Z3Q","PM Air, LLC","01100","Z3Q","PM Air, LLC",1,0.00,1779.00,124530.00,162400.00,232.00,0.00,"DU",
2018,4,2,20336,"H6","Hageland Aviation Service","06984","H6","Hageland Aviation Service",1,1.00,,,,,,"IU",
2018,9,3,20341,"KO","Alaska Central Express","06019","KO","Alaska Central Express",1,0.00,,,,,,"IU",
2018,5,2,20323,"4W","Warbelow","06967","4W","Warbelow",1,,2.00,,,,,"IU",
2018,8,3,20327,"7H","Era Aviation","06989","7H","Era Aviation",1,,0.00,,,,,"IU",
2018,8,3,20341,"KO","Alaska Central Express","06019","KO","Alaska Central Express",1,,12.00,,,,,"IU",
2018,9,3,20327,"7H","Era Aviation","06989","7H","Era Aviation",1,,0.00,,,,,"IU",
2018,10,4,20327,"7H","Era Aviation","06989","7H","Era Aviation",1,,0.00,,,,,"IU",
